s,desired_out,label
那夜叉聽說，急轉水晶宮傳報道：「大王，外面有個花果山天生聖人孫悟空，口稱是大王緊鄰，將到宮也。」,夜叉:報道:東海龍王,1
沙僧道：「渾身都冷了，就有一點兒熱氣，怎的就得回生？」,沙僧:道:八戒,1
長老便問：「陛下，你是那裏皇帝？何邦帝王？想必是國土不寧，讒臣欺虐，半夜逃生至此。有何話說，說與我聽。」,三藏:問:皇帝,1
那怪又道：「拿孫行者。」,精細鬼:道:行者,1
沙僧道：「他有七十二般變化，就有七十二個頭哩。」,沙僧:道:八戒,1
伯欽道：「我也是那等一夢，與你一般。我們起去對母親說去。」,伯欽:道:媳婦,1
菩薩即喚惠岸，袖中取出一個紅葫蘆兒，吩咐道：「你可將此葫蘆，同孫悟空到流沙河水面上，只叫『悟淨』，他就出來了。先要引他歸依了唐僧；然後把他那九個骷髏穿在一處，按九宮佈列，卻把這葫蘆安在當中，就是法船一隻，能渡唐僧過流沙河界。」,菩薩:吩咐道:惠岸,1
那妖怪見行者來，又吐上幾口，那火比前更勝。,紅孩兒:吐:行者,-1
群猴道：「自從爺爺去後，這山被二郎菩薩點上火，燒殺了大半。我們蹲在井裏，鑽在澗內，藏於鐵板橋下，得了性命。及至火滅煙消，出來時，又沒花果養贍，難以存活，別處又去了一半。我們這一半，捱苦的住在山中。這兩年，又被些打獵的搶了一半去也。」,群猴:道:行者,1
行者又向三藏道：「師父，這去處少吉多凶，切莫要動身別往。老孫化齋去也。」,行者:道:三藏,1
那洞裏小妖看見道：「大王，禍事了！行者孫把二大王爺爺裝在葫蘆裏發課哩！」,小妖:道:金角,1
惠岸即對菩薩合掌伺候。,惠岸:合掌伺候:菩薩,1
行者道：「有事要見菩薩。」,行者:道:二十四路諸天與守山大神、木叉行者、善財童子、捧珠龍女,1
行者笑道：「你遇著我就該倒灶，干我甚事？我纔自也要領你些油湯油水之愛，但只是大小便急了，若在鍋裏開風，恐怕污了你的熟油，不好調菜喫；如今大小便通乾淨了，纔好下鍋。不要扎我師父，還來扎我罷。」,行者:笑道:鎮元大仙,1
三藏正然上馬，聞得此言，罵道：「這個潑猴！『救人一命，勝造七級浮屠。』你馱他馱兒便罷了，且講甚麼『北斗經』、『南斗經』！」,三藏:罵道:行者,-1
那東廂閃過徐茂功、魏徵、王珪、杜如晦、房玄齡、袁天罡、李淳風、許敬宗等；西廂閃過殷開山、劉弘基、馬三寶、段志賢、程咬金、秦叔寶、胡敬德、薛仁貴等：一齊上前，在白玉階前，俯伏啟奏道：「陛下前朝一夢，如何許久方覺？」,袁天罡:啟奏道:唐王,1
佛祖聽言，呵呵冷笑道：「你那廝乃是個猴子成精，焉敢欺心，要奪玉皇上帝尊位？他自幼修持，苦歷過一千七百五十劫。每劫該十二萬九千六百年。你算，他該多少年數，方能享受此無極大道？你那個初世為人的畜生，如何出此大言！不當人子！不當人子！折了你的壽算！趁早皈依，切莫胡說！但恐遭了毒手，性命頃刻而休，可惜了你的本來面目！」,如來佛祖:冷笑道:孫悟空,1
小姐道：「今日天色已晚，容待明日拋去江中。」,殷小姐:道:劉洪,1
忽然靜坐處，思想道：「我等在此，恐作耍成真，或驚動人王，或有禽王、獸王認此犯頭，說我們操兵造反，興師來相殺，汝等都是竹竿木刀，如何對敵？須得鋒利劍戟方可。如今奈何？」,孫悟空:思想道:眾猴,1
那酒肉和尚恰被玄奘難倒，和尚大怒，罵道：「你這業畜，姓名也不知，父母也不識，還在此搗甚麼鬼！」,酒肉和尚:罵道:玄奘,-1
行者道：「這不是？老孫的手到擒來。這個果子，也莫背了沙僧，可叫他一聲。」,行者:道:八戒,1
行者上前攙住道：「請起，你到城中，可曾問誰麼？」,行者:攙住道:太子,1
行者下來，與三藏、八戒、沙僧立在殿前，見那道士在滾油鍋裏打掙，爬不出來。,沙僧 :見:羊力大仙,1
行者道：「你們且慢行。等老孫去照顧那兩個童兒睡一個月。」,行者:道:三藏、 八戒、沙僧,1
使一條金箍棒，前迎後架，東攩西除。,小妖:前迎後架:行者,-1
行者道：「未曾拿住妖邪，如何救得師父？」,行者:道:菩薩,1
行者歡喜領教。,孫悟空:領教:菩薩,1
八戒道：「似這般怎生救得師父？」,八戒:道:行者,1
教：「小的們，抬過案桌，磨快刀來，把這和尚剖腹剜心，剝皮剮肉；一壁廂響動樂器，與賢妹共而食之，延壽長生也。」,怪物:教:大小眷族,1
悟淨道：「我們已商議了，著那個姓豬的招贅門下。」,沙僧:道:婦人,1
行者笑道：「師父不知。若是問了別人沒趣，須是問他，纔有買賣。」,孫悟空:道:三藏,1
卻說殷小姐哭奠丈夫一番，又欲將身赴水而死，慌得玄奘拚命扯住。,玄奘:扯住:殷小姐,-1
那東廂閃過徐茂功、魏徵、王珪、杜如晦、房玄齡、袁天罡、李淳風、許敬宗等；西廂閃過殷開山、劉弘基、馬三寶、段志賢、程咬金、秦叔寶、胡敬德、薛仁貴等：一齊上前，在白玉階前，俯伏啟奏道：「陛下前朝一夢，如何許久方覺？」,劉弘基:啟奏道:唐王,1
老君怒道：「這潑猴卻也纏帳！沒有，沒有！出去，出去！」,太上老君:怒道:行者,-1
悟空道：「我自生身之後，出家修行，得一個無生無滅之體。近因教演兒孫，守護山洞，奈何沒件兵器。久聞賢鄰享樂瑤宮貝闕，必有多餘神器，特來告求一件。」,孫悟空:道:東海龍王,1
三藏道：「也罷，等我留下，著徒弟與你處置。——卻在那裏等麼？」,三藏:道:皇帝,1
沙僧道：「你怎麼認得是他？」,沙僧:道:八戒,1
八戒道：「師父，你且莫要誇獎。那個是禍的根哩。」,八戒:道 :三藏,1
那裏面有把門的小妖，開了門出來，問道：「你是何人，敢來擊吾仙洞？」,小妖:問道:孫悟空,1
老妖道：「不遠，只有三百里。」,老妖:道:國王,1
八戒丟了行李，掣釘鈀，不讓行者走上前，大喝一聲道：「孽畜！那裏走！」,行者:喝:猛虎,-1
那怪一個旋風，奔上岸來，徑搶唐僧，慌得行者把師父抱住，急登高岸，回身走脫。,行者:抱:三藏,1
行者道：「你不知老孫是蓋天下有名的賊頭。我當年偷蟠桃，盜御酒、竊靈丹，也不曾有人敢與我分用；怎麼今日偷他一個果子，你就抽了我的頭分去了！這果子是樹上結的，空中過鳥也該有分，老孫就喫他一個，有何大害？怎麼剛打下來，你就撈了去？」,行者:道:土地,1
那猴道：「我是五百年前大鬧天宮的齊天大聖；只因犯了誑上之罪，被佛祖壓於此處。前者有個觀音菩薩，領佛旨意，上東土尋取經人。我教他救我一救，他勸我再莫行兇，歸依佛法，盡慇懃保護取經人，往西方拜佛，功成後自有好處。故此晝夜提心，晨昏弔膽，只等師父來救我脫身。我願保你取經，與你做個徒弟。」,孫悟空:道:三藏,1
行者道：「似這般卻也無法可治。你兩個只在河岸上巡視著，不可放他往別處走了，待我去來。」,行者:道:沙僧,1
八戒失驚道：「雙晦氣了！這亡人又不曾走路，怎麼身上有汗，腿有青痕？想是歹人打劫師父，把馬打壞了。」,八戒:失驚道:小龍王,1
行者道：「他說我和你做了夫妻，你是他門下一個女婿，全沒些兒禮體。這樣個醜嘴臉的人，又會不得姨夫，又見不得親戚，又不知你雲來霧去，端的是那裏人家，姓甚名誰，敗壞他清德，玷辱他門風，故此這般打罵，所以煩惱。」,行者:道:怪,1
菩薩道：「既然乾淨，俱各回祠。」,菩薩:道:眾神,1
菩薩帶引木叉行者過了此山，又奔東土。,菩薩:帶引:木叉,1
八戒道：「哥哥怎的定得個遠近之數？」,八戒:道:行者,1
行者道：「賢弟，這番我再不急性了，只讓你引他上來，我攔住河沿，不讓他回去，務要將他擒了。」,行者:道:八戒,1
八戒道：「有甚麼好衣服？解了這直裰子就是了。」,八戒:道:行者,1
那怪把菩薩勸善事情，細陳了一遍。,怪:道:三藏,1
行者道：「師父，我在你頭上哩。你莫要心焦，少得煩惱。我們務必拿住妖精，方纔救得你的性命。」,行者:道:三藏,1
行者道：「可有寶貝麼？」,行者:道:八戒,1
八戒道：「不瞞師父說，老豬自從跟了你，這些時俊了許多哩。若像往常在高老莊時，把嘴朝前一掬，把耳兩頭一擺，常嚇殺二三十人哩。」,八戒:道:三藏,1
行者道：「沒事，有我哩。若到那緊關處，我自然護你。他若問時，你說是東土欽差上西天拜佛取經進寶的和尚。他道：『有甚寶貝？』你卻把錦襴袈裟對他說一遍，說道：『此是三等寶貝。還有頭一等、第二等的好物哩。』但問處，就說這匣內有一件寶貝，上知五百年，下知五百年，中知五百年，共一千五百年過去未來之事，俱盡曉得。卻把老孫放出來。我將那夢中話告誦那太子，他若是肯信，就去拿了那妖魔，一則與他父王報仇，二來我們立個名節；他若不信，再將白玉珪拿與他看。——只恐他年幼，還不認得哩。」,行者:道:三藏,1
行者道：「不還馬時看棍！只打殺你，償了我馬的性命便罷！」,孫悟空:道:龍,1
行者道：「你等是那幾個，可報名來，我好點卯。」,孫悟空:道:眾神,1
行者道：「怪道他變個老道士，把我師父騙去了。既這等，你都且記打，回去罷。等老孫自家拿他。」,行者:道:土地,1
即寫下牒文一道，差夜叉徑往洪州城隍、土地處投下，要取秀才魂魄來，救他的性命。,龍王:差:夜叉,1
行者道：「師父放心莫慮。我等兄弟三人，心和意合，歸正求真，使出蕩怪降妖之法，怕甚麼虎狼妖獸！」,行者:道:三藏,1
女子道：「不知往那裏去。這些時，天明就去，入夜方來。雲雲霧霧，往回不知何所。因是曉得父親要祛退他，他也常常防備，故此昏來朝去。」,女兒:道:行者,1
法師獻上濟孤榜文與太宗看。,法師:獻上:唐王,1
旁邊閃過龍子、龍孫、蝦臣、蟹士、鰣軍師、鱖少卿、鯉太宰，一齊啟奏道：「大王且息怒。常言道：『過耳之言，不可聽信。』大王此去，必有雲從，必有雨助，恐驚了長安黎庶，上天見責。大王隱顯莫測，變化無方，但只變一秀士，到長安城內，訪問一番。果有此輩，容加誅滅不遲；若無此輩，可不是妄害他人也？」,鱖少卿:啟奏道:龍王,1
二人又到高岸，見了唐僧，備言難捉。,行者、八戒:見:三藏,1
行者道：「這獃子笑話我老孫。老孫五百年前，因訪仙道時，也曾雲遊在海角天涯。那般兒不曾見？」,行者:道:八戒,1
大聖起到空中道：「甚麼寶貝？」,行者:道:太上老君,1
教娘娘放上件寶貝。,國王:教:娘娘,1
悟空道：「也不學！不學！」,孫悟空:道:菩提祖師,1
行者道：「有用處。快快取來！」,行者:道:八戒,1
行者笑道：「你這個潑怪物，今日該死了；怎麼在老孫面前搗鬼！我認得你是個『那話兒』。」,行者:笑道:妖精,1
道：「會唱麼？」,老妖:道:小龍王,1
說不了，卻到了山門前，徑直進去，將屍首丟在那禪堂門前。,八戒:丟:皇帝,-1
八戒道：「在便還在山前，只是如今風轉了也。」,八戒:道:三藏,1
也喝了一口，道：「有些豬溺臊氣。」,羊力大仙:道:老道士,1
八戒笑道：「你纔子發昏的，若不是老豬救你啊，已此了帳了，還不謝我哩！」,八戒:笑道:行者,1
三藏甚不過意，攙起那皇帝來，同入禪堂。,三藏:攙起:行者,1
國王道：「有勞貴體降臨，請回。寡人改日醮謝。」,國王:道:行者,1
南斗星奮令火部眾神，放火煨燒，亦不能燒著。,南斗星:令:火部眾神,1
行者道：「敖氏昆玉，有煩遠踄。此間乃妖魔之處，汝等且停於空中，不要出頭露面。讓老孫與他賭鬭，若贏了他，不須列位捉拿；若輸與他，也不用列位助陣；只是他但放火時，可聽我呼喚，一齊噴雨。」,行者:道:龍王,1
那仙童看見，即忙報道：「師父，海上三星來了。」,仙童:報道:鎮元大仙,1
大聖又叫道：「娘啊！連腰截骨都化了！」,行者:叫道:金角、銀角,1
小姐道：「我兒，我與你一隻香環，你徑到洪州西北地方，約有一千五百里之程，那裏有個萬花店，當時留下婆婆張氏在那裏，是你父親生身之母。我再寫一封書與你，徑到唐王皇城之內，金殿左邊，殷開山丞相家，是你母生身之父母。你將我的書遞與外公，叫外公奏上唐王，統領人馬，擒殺此賊，與父報仇，那時纔救得老娘的身子出來。我今不敢久停，誠恐賊漢怪我歸遲。」,殷小姐:道:長老,1
大聖道：「你這老官兒，著實無禮。縱放家屬為邪，該問個鈐束不嚴的罪名。」,行者:道:太上老君,1
行者罵道：「你這個剝皮的畜生！你弄甚麼脫殼法兒，把我師父攝了，倒轉問我做甚！趁早好好送我師父出來，還饒你這個性命！」,行者:罵道:猛虎,-1
行者道：「怎麼變麼？」,行者:道:太公,1
是夜，太宗在宮，安寢無事，曉來宣二將軍，重重賞勞道：「朕自得疾，數日不能得睡，今夜仗二將軍威勢甚安。卿且請出安息安息，待晚間再一護衛。」,唐王:道:秦叔寶、敬德,1
菩薩曰：「豈有不到之理？你可將骷髏兒掛在頭項下，等候取經人，自有用處。」,菩薩:曰:妖怪,1
好行者，一觔斗跳上南天門裏，諕得個龐、劉、苟、畢躬身，馬、趙、溫、關控背，俱道：「不好了！不好了！那鬧天宮的主子又來了！」,劉、苟、畢躬身，馬、趙、溫、關控背，:道:孙悟空,1
禮畢，也坐了面前，叫：「看茶來。排齋。」,老者:叫:僮僕,1
四大天王與李天王並太子正議出兵。,四大天王:議:李天王、行者,1
行者叫：「師父，你來看看。」,行者:叫:三藏,1
土地道：「他愛的是燒丹煉藥，喜的是全真道人。」,土地:道:行者,1
眾僧依命各回訖。,僧人:依命:行者,1
光蕊叩頭拜謝，龍王設宴相待不題。,光蕊:叩頭拜謝:龍王,1
卻說豬八戒在那林內，正思量行者，只聽得山坂下叫聲「悟能兄弟，牽馬挑擔來耶。」,行者:叫:八戒,1
十王道：「不敢！不敢！想是差人差了。」,十代冥王:道:孫悟空,1
沙僧道：「二哥，分怎的？」,沙僧:道:八戒,1
八戒道：「師兄打殺的，定是他女兒。這個定是他娘尋將來了。」,八戒:道:三藏,1
四猴道：「我們這山，向東去，有二百里水面，那廂乃傲來國界。那國界中有一王位，滿城中軍民無數，必有金銀銅鐵等匠作。大王若去那裏，或買或造些兵器，教演我等，守護山場，誠所謂保泰長久之機也。」,四個老猴:搭配:孫悟空,1
慌得三藏高叫：「陛下，赦貧僧一時。我那個徒弟，自從歸教，歷歷有功；今日沖撞國師，死在油鍋之內，奈何先死者為神，——我貧僧怎敢貪生！正是天下官員也管著天下百姓。陛下若教臣死，臣豈敢不死。——只望寬恩，賜我半盞涼漿水飯，三張紙馬，容到油鍋前，燒此一陌紙，也表我師徒一念，那時再領罪也。」,三藏:高叫:國王,1
羊力道：「我與他賭下滾油鍋洗澡。」,羊力大仙:道:國王,1
明月回頭道：「哥耶，不好了！不好了！金擊子如何落在地下！我們去園裏看看來！」,明月:道:清風,1
沙僧道：「哥哥，且休煩惱。我們早安計策，去那裏請兵助力，搭救師父耶。」,沙僧:道:行者,1
那僧官纔欠起身來道：「你是那唐三藏麼？」,僧官:道:三藏,1
正用御寶時，又被那三個道士上前阻住道：「陛下，這場雨全非和尚之功，還是我道門之力。」,道士:阻住道:國王,1
悟空道：「這塊鐵雖然好用，還有一說。」,孫悟空:笑道:東海龍王,1
老魔王唏唏冷笑道：「那猴不要無禮！看手段！」,魔王:冷笑道:行者,1
皇后大驚，隨報太宗。,皇后:隨報:唐王,1
菩薩指著行者道：「這不是取經人的大徒弟？」,菩薩:道:龍,1
行者道：「你掀起來看看。」,行者:道:八戒,1
四健將領諾。,四健將:領諾:孫悟空,1
三藏道：「見了我如何迎答？」,三藏:道:行者,1
三藏道：「只怕長短不一，你若穿得，就穿了罷。」,三藏:道:孫悟空,1
這真君領著四太尉、二將軍，連本身七兄弟，出營挑戰：分付眾將，緊守營盤，收全了鷹犬。,二郎真君:領:連本身七兄弟,1
國王依言，感謝不盡，遂送唐僧出城去訖。,國王:感謝:行者,1
他卻對六弟兄說：「小弟既稱齊天大聖，你們亦可以大聖稱之。」,孫悟空:說:六弟兄,1
那眾猴滿地飛來趕上，把個八戒，扛翻倒了，抓鬃扯耳，拉尾揪毛，捉將回去。,小猴:抓鬃扯耳，拉尾揪毛:八戒,-1
將精細鬼、伶俐蟲一聲喝起。,銀角:喝起:精細鬼、伶俐蟲,1
這行者，須臾間看見唐僧在路旁悶坐。,孫悟空:看見:三藏,1
三藏道：「悟空，此處比那山凹河邊，卻是不同。在人間屋簷下，可以遮得冷露，放心穩睡。你都莫來，讓我先到那齋公門首告求。若肯留我，我就招呼汝等；假若不留，你卻休要撒潑。汝等臉嘴醜露，只恐諕了人，闖出禍來，卻倒無住處矣。」,三藏:道:行者,1
行者笑道：「小和尚也曉得些兒求禱。」,行者:笑道:國王,1
行者道：「未見。請公公說說。何為靈感？」,行者:道:老者,1
小妖道：「把這寶貝的底兒朝天，口兒朝地，叫他一聲，他若應了，就裝在裏面；貼上一張『太上老君急急如律令奉敕』的帖子，他就一時三刻，化為膿了。」,精細鬼:道:行者,1
老者道：「像！像！像！果然一般嘴臉。一般聲音，一般衣服，一般長短。」,老者:道:行者,1
三藏道：「悟空，你看那日落西山藏火鏡，月升東海現冰輪。幸而道旁有一人家，我們且借宿一宵，明日再走。」,三藏:道:行,1
大聖喝了一口，即咨牙倈嘴道：「不好喫！不好喫！」,孫悟空:咨牙倈嘴道:眾怪,1
那公主恭拜了父王、母后，會了姊妹，各官俱來拜見。,眾官:拜見:公主,1
玉帝聞言道：「依卿所奏。」,玉皇大帝:聞言道:太白金星,1
行者道：「八戒生得夯，你有些兒偏向他。」,行者:道:三藏,1
三藏淨了手焚香，望南禮拜道：「多蒙菩薩聖恩！」,三藏:禮拜道:菩薩,1
鬼王謝恩畢，復啟道：「大王在天許久，所授何職？」,鬼王:謝恩畢、復啟道:孫悟空,1
八戒忽聽見呼呼聲喊，回頭觀看，乃是行者趕敗的虎怪，就丟了馬，舉起鈀，刺斜著頭一築。,八戒:刺:猛虎,-1
口裏罵道：「那饢糠的夯貨，快出來與老孫打麼！」,行者:罵道:怪,-1
報道：「大王，奶奶來耶。」,小妖:報道:金角、銀角,1
小妖伸手摸著道：「只見說話，更不見面目。師父，此間是甚麼去處？」,精細鬼、伶俐蟲:道:行者,1
鰣軍師奏云：「大王放心。要贏他有何難處？臣有小計，管教滅那廝的口嘴。」,鰣軍師:奏云:龍王 ,1
豬八戒見了，歡喜道：「哥啊，我和你做這幾年兄弟，只這些兒不曾弄過。我纔喫了些東西，道要幹這個事兒哩。」,豬八戒:歡喜道:行者,1
小龍道：「我掙得動便怎的？」,小龍王:道:八戒,1
八戒聞言大怒，罵道：「你這潑物，全沒一些兒眼力！我老豬還掐出水沫兒來哩，你怎敢說我粗糙，要剁鮓醬！看起來，你把我認做個老走硝哩。休得無禮！喫你祖宗這一鈀！」,八戒:罵道:妖精,-1
行者道：「我日間與那太子誇口，說我的手段比山還高，比海還深，拿那妖精如探囊取物一般，伸了手去就拿將轉來，——卻也睡不著，想起來，有些難哩。」,行者:道:三藏,1
大仙道：「唐三藏做大不尊，先打他。」,鎮元大仙:道:小仙,1
太宗稱謝了。,唐王 :稱謝:崔玨,1
卻說行者伏侍唐僧西進，行經數日，正是那臘月寒天，朔風凜凜，滑凍凌凌；走的是些懸崖峭壁崎嶇路，疊嶺層巒險峻山。,行者:伏侍:唐僧,1
問道：「你是那寺裏來的和尚，帶這惡人上我門來？」,老者:問道:三藏,1
行者上前，一把揪住道：「你過來，等我問你。」,行者:揪住道:八戒,-1
如來笑道：「我是西方極樂世界釋迦牟尼尊者，南無阿彌陀佛。今聞你猖狂村野，屢反天宮，不知是何方生長，何年得道，為何這等暴橫？」,如來佛祖:笑道:孫悟空,1
康、張、姚、李道：「兄長不必多敘，且押這廝去上界見玉帝，請旨發落去也。」,四太尉:道:二郎真君,1
八戒道：「師父，他要和你分行李哩。跟著你做了這幾年和尚，不成空著手回去？你把那包袱內的甚麼舊褊衫、破帽子，分兩件與他罷。」,八戒:道:三藏,1
行者道：「止見一面石碑，上書『通天河』三字，下書『徑過八百里，亘古少人行』十字，更無別物。」,行者:道:老者,1
行者道：「可憐！菩薩這等多心。我弟子自秉沙門，一向不幹那樣事了。你教我留些當頭，卻將何物？我身上這件綿布直裰，還是你老人家賜的。這條虎皮裙子，能值幾個銅錢？這根鐵棒，早晚卻要護身。但只是頭上這個箍兒，是個金的，卻又被你弄了個方法兒長在我頭上，取不下來。你今要當頭，情願將此為當。你念個鬆箍兒咒，將此除去罷；不然，將何物為當？」,行者:道:菩薩,1
那怪道：「我自小生來神氣壯，乾坤萬里曾遊蕩。英雄天下顯威名，豪傑人家做模樣。萬國九州任我行，五湖四海從吾撞。皆因學道蕩天涯，只為尋師遊地曠。常年衣缽謹隨身，每日心神不可放。沿地雲遊數十遭，到處閑行百餘趟。因此纔得遇真人，引開大道金光亮。先將嬰兒姹女收，後把木母金公放。明堂腎水入華池，重樓肝火投心臟。三千功滿拜天顏，志心朝禮明華向。玉皇大帝便加陞，親口封為捲簾將。南天門裏我為尊，靈霄殿前吾稱上。腰間懸掛虎頭牌，手中執定降妖杖。頭頂金盔晃日光，身披鎧甲明霞亮。往來護駕我當先，出入隨朝予在上。只因王母降蟠桃，設宴瑤池邀眾將。失手打破玉玻璃，天神個個魂飛喪。玉皇即便怒生嗔，卻合掌朝左輔相。卸冠脫甲摘官銜，將身推在殺場上。多虧赤腳大天仙，越班啟奏將吾放。饒死回生不點刑，遭貶流沙東岸上。飽時困臥此河中，餓去翻波尋食餉。樵子逢吾命不存，漁翁見我身皆喪。來來往往喫人多，翻翻覆覆傷生瘴。你敢行兇到我門，今日肚皮有所望。莫言粗糙不堪嘗，拿住消停剁鮓醬！」,妖精:道:八戒,1
那怪正坐，忽聞摩昂來，心中疑惑道：「我差黑魚精投簡帖拜請二舅爺，這早晚不見回話，怎麼舅爺不來，卻是表兄來耶？」,黑魚精:道:小怪,1
約有三五十個，都含淚道：「我等因大王修仙去後，這兩年被他爭吵，把我們都攝將來，那不是我們洞中的家火？石盆、石碗都被這廝拿來也。」,眾猴:道:孫悟空,1
孫大聖又當頭叫道：「佈雲的是那個？」,行者:道:道士,1
菩薩道：「袈裟價值五千兩，錫杖價值二千兩。」,菩薩:道:愚僧,1
行者道：「這是國王手中執的寶貝，名喚玉珪。師父啊，既有此物，想此事是真。明日拿妖，全都在老孫身上。只是要你三樁兒造化底哩。」,行者:道:八戒,1
長老道：「馬若不牽，恐怕撒歡走了。」,三藏:道:行者,1
你道是誰，原來是烏雞國王的太子，急上前扯住那魔王的朝服，跪在面前道：「父王息怒。」,太子:扯住:魔王,1
行者笑道：「師父放心，不須講了，一定是那黑怪偷去無疑。」,孫悟空:笑道:院主,1
行者道：「不曾打；若打，這會已打斷了根矣。」,行者:道:行者,1
菩薩道：「你說。」,菩薩:道:孫悟空,1
他忍不住，開言道：「先生差了。偷果子是我，喫果子是我，推倒樹也是我，怎麼不先打我，打他做甚？」,行者:道:鎮元大仙,1
夫人問道：「相公，有何事故？」,夫人:問道:丞相,1
魔王喝令綁了，眾妖一齊將三人用繩索綁縛。,眾妖:綁縛:三藏、從者,-1
漁翁道：「李兄，你山中不如我水上生意快活。有一西江月為證：紅蓼花繁映月，黃蘆葉亂搖風。碧天清遠楚江空，牽攪一潭星動。入網大魚作隊，吞鉤小鱖成叢。得來烹煮味偏濃，笑傲江湖打鬨。」,張稍:道:李定,1
行者道：「是豬八戒說的。」,行者:道:老妖,0
對眾道：「汝等跟我回去。」,孫悟空:道:眾猴,1
行者道：「這個戀家鬼！你離了家幾日，就生報怨！」,行者:道:八戒,1
三藏問道：「悟空，你去這一夜，拿得妖精在那裏？」,三藏:問道:行者,1
三藏欠身道：「徒弟辛苦呀。」,三藏:道:行者、八戒,1
那怪那容分說，舉寶劍劈頭就砍。,金角:砍:行者,-1
行者道：「兄弟說得是。此處到那黃風洞口不遠，你且莫動身，只在林子裏看馬守擔，等老孫去洞裏打聽打聽，看師父下落如何，再與他爭戰。」,行者:道:八戒,1
三藏道：「他那廂離此有二十里，如何就斷得是他？」,三藏:道:孫悟空,1
三藏道：「你既不是此類，卻深夜來此何為？」,三藏:道:皇帝,1
那妖邪將三藏捉住，引群精徑回水府。,怪物:捉:三藏,-1
悟空厲聲高呼道：「你這個老兒全沒眼色！唐人是我師父，我是他徒弟！我也不是甚『糖人，蜜人』，我是齊天大聖。你們這裏人家，也有認得我的。我也曾見你來。」,孫悟空:高呼道:老者,1
沙僧領諾。,沙僧:領諾:行者,1
行者笑道：「也罷，你是去得。若見了菩薩，切休仰視，只可低頭禮拜。等他問時，你卻將地名、妖名說與他，再請救師父之事。他若肯來，定取擒了怪物。」,行者:笑道:八戒,1
三藏道：「弟子乃東土大王差往西天拜活佛求真經者。」,三藏:道:老母,1
八戒聽見道：「列位，莫要議論。我們是這般。乍看果有些醜；只是看下些時來，卻也耐看。」,八戒:道:兩班文武,1
二魔道：「哥哥，且不要喫酒，叫小的們把豬八戒撈上水來吊起。」,銀角:道:金角,1
那些和尚一見了，諕得跌跌滾滾，都爬在地下道：「雷公爺爺！」,和尚:道:孫悟空,1
行者又將前事說了一遍。,行者:說:推雲童子、佈霧郎,1
群猴道：「老者，小者，只有千把。」,群猴:道:行者,1
唐僧道：「悟空，你說得幾時方可到？」,三藏:道:行者,1
伯欽的母親聞說，叫道：「孩兒不要與長老閑講，我自有素物，可以管待。」,老嫗:叫道:伯欽,1
那獃子上前跪倒。,八戒:跪倒:三藏,1
老魔道：「拿甚麼寶貝去？」,金角:道:銀角,1
猴王撲的跳下樹來，上前躬身道：「仙童，我是個訪道學仙之弟子，更不敢在此搔擾。」,美猴王:躬身道:仙童,1
祖師道：「既是逐漸行來的，也罷。你姓甚麼？」,菩提祖師:道:美猴王,1
祖師道：「你這去，定生不良。憑你怎麼惹禍行兇，卻不許說是我的徒弟。你說出半個字來，我就知之，把你這猢猻剝皮剉骨，將神魂貶在九幽之處，教你萬劫不得翻身！」,菩提祖師:道:孫悟空,1
國王害怕道：「怎麼是個角鹿？」,國王:害怕道:監斬官,1
急回頭，跳將出去，到門外現了原身，叫：「八戒！」,行者:叫:八戒,1
丞相拭淚道：「你二人且休煩惱；我今已擒捉仇賊，且去發落去來。」,殷丞相:道:殷小姐、玄奘,1
八戒道：「話便也是這等說，卻只是我脫俗又還俗，停妻再娶妻了。」,八戒:道:行者,1
獃子撲的跳下來，現了本相，掣釘鈀，劈手一築，那怪物縮了手，往前就走，只聽得噹的一聲響。,八戒:劈:怪物,1
八戒望見道：「哥哥，這妖精想是怕我們，推出車子，往那廂搬哩。」,八戒:道:行者,1
那獃子虎急急的，解了韁繩，拉出馬去。,八戒:拉:馬,1
公主道：「我曉得。」,公主:道:行者,1
菩薩道：「不用。」,菩薩:道:行者,1
猴王叩頭道：「弟子飄洋過海，登界遊方，有十數個年頭，方纔訪到此處。」,美猴王:磕頭道:菩提祖師,1
揭諦道：「唐僧在蛇盤山鷹愁陡澗失了馬，急得孫大聖進退兩難。及問本處土神，說是菩薩送在澗裏的孽龍吞了，那大聖著小神來告請菩薩降這孽龍，還他馬匹。」,揭諦:道:菩薩,1
且會遣山，就使一個「移山倒海」的法術，就在行者背上捻訣，念動真言，把一座須彌山遣在空中，劈頭來壓行者。,銀角:壓:行者,1
行者卻回嗔作喜道：「兄弟們，還要來結同心，收拾了行李、馬匹，上山找尋怪物，搭救師父去。」,行者:道:八戒,1
妖王道：「你與我星夜去請老大王來，說我這裏捉唐僧蒸與他喫，壽延千紀。」,紅孩兒:道:六怪,1
那老祖急昇玉局寶座，九霄空裏竚立，叫：「孫行者，還我寶貝。」,太上老君:叫:行者,1
行者應諾了。,行者:應諾:三藏,1
行者道：「你認得我是那個爺爺，就是這等呼拜？」,行者:道:老和尚,1
鄧天君道：「大聖吩咐，誰敢不從！但只是得一個號令，方敢依令而行；不然，雷雨亂了，顯得大聖無款也。」,鄧天君:道:行者,1
那人倚定禪堂道：「師父，我不是妖魔鬼怪，亦不是魍魎邪神。」,皇帝:道:三藏,1
敖欽聞言，大怒道：「我兄弟們，點起兵，拿他不是！」,南海龍王:大怒道:東海龍王,1
對大聖道：「聖經云：『出其言善，則千里之外應之；出其言不善，則千里之外違之。』你既有此心，待我到了東土大唐國尋一個取經的人來，教他救你。你可跟他做個徒弟，秉教伽持，入我佛門，再修正果，如何？」,菩薩:道:孫悟空,1
八戒道：「兄弟莫怕。你且拴下馬匹，守著行李，待我問他的信看。」,八戒:道:沙僧,1
大聖道：「你敢說那等大話！且休走！吃老孫這一棒！」,孫悟空:道:行者,1
眾道：「末等。這樣官兒，最低最小，只可與他看馬。似堂尊到任之後，這等慇懃，餵得馬肥，只落得道聲『好』字；如稍有些尫羸，還要見責；再十分傷損，還要罰贖問罪。」,眾監官:道:孫悟空,1
沙僧埋怨八戒道：「好麼！我說教你莫多話，多話的要先蒸喫哩！」,沙僧:道:八戒,1
又差五斗星君送悟空去到任，外賜御酒二瓶，金花十朵，著他安心定志，再勿胡為。,玉皇大帝:差:五斗星君,1
又鬭了三合，只見那狐阿七復轉來攻。,狐阿七大王:攻:行者,-1
孫行者笑道：「你們都猜不著，且住，待老孫看是何如。」,行者:笑道:三藏,1
明月道：「你可會算帳？」,明月:道:清風,1
行者笑道：「我是決不反悔；如有反悔，也照你四季遭瘟。」,行者:笑道:精細鬼、伶俐蟲,1
精細鬼道：「他裝天的，怎肯與我裝人的相換？」,精細鬼:道:伶俐蟲,1
美猴王領一群猿猴、獼猴、馬猴等，分派了君臣佐使，朝遊花果山，暮宿水簾洞，合契同情，不入飛鳥之叢，不從走獸之類，獨自為王，不勝歡樂。,美猴王:領:猿猴、獼猴、馬猴,1
黑漢道：「我夜來得了一件寶貝，名喚錦襴佛衣，誠然是件玩好之物。我明日就以他為壽，大開筵宴，邀請各山道官，慶賀佛衣，就稱為『佛衣會』如何？」,黑漢:道:白衣秀士,1
那怪不識真假，走進房，一把摟住，就要親嘴。,怪:摟住:行者,1
玉帝道：「天上十三日，下界已是十三年。」,玉帝:道:四大天師,1
行者笑道：「請起，請起。明日就有分曉。」,行者:笑道:老和尚,1
八戒大驚道：「罷了！這是老妖來討寶貝了！」,八戒:大驚道:行者,1
那怪聞言，呵呵冷笑道：「你這個潑物！原來昨夜那火就是你放的！你在那方丈屋上，行兇招風，是我把一件袈裟拿來了，你待怎麼！你是那裏來的？姓甚名誰？有多大手段，敢那等海口浪言！」,黑風王:冷笑道:孫悟空,1
菩薩道：「在大西天天竺國大雷音寺我佛如來處，能解百冤之結，能消無妄之災。」,菩薩:道:唐王,1
妖邪聞言，微微冷笑道：「這和尚賣此長舌，胡誇大口，果然是我作冷下雪凍河，攝你師父。你今嚷上門來，思量取討，只怕這一番不比那一番了：那時節，我因赴會，不曾帶得兵器，誤中你傷。你如今且休要走，我與你交敵三合。三合敵得我過，還你師父；敵不過，連你一發喫了。」,怪物:冷笑道:八戒,-1
行者道：「那個的兒子麼？」,行者:道:老者,1
祖師喝令：「趕出去！他本是個撒詐搗虛之徒，那裏修甚麼道果！」,菩提祖師:喝令:仙童、美猴王,-1
急收棒，上前施禮道：「菩薩，那裏去？」,行者:施禮道:文殊菩薩,1
老怪問道：「那差來的叫做甚麼名字？」,女怪:問道:行者,1
那獃子認得是行者聲音，急收拾跑出林外，見了行者道：「哥哥，怎的幹事來？」,八戒:道:行者,1
僧官道：「既往西天取經，怎麼路也不會走？」,僧官:道:三藏,1
判官道：「陛下，那叫做奈河橋。若到陽間，切須傳記。那橋下都是些：奔流浩浩之水，險峻窄窄之路。儼如疋練搭長江，卻似火坑浮上界。陰氣逼人寒透骨，腥風撲鼻味鑽心。波翻浪滾，往來並沒渡人船；赤腳蓬頭，出入盡皆作業鬼。橋長數里，闊只三㪥。高有百尺，深卻千重。上無扶手欄杆，下有搶人惡怪。枷杻纏身，打上奈河險路。你看那橋邊神將甚兇頑，河內孽魂真苦惱。枒杈樹上，掛的是青紅黃紫色絲衣；壁斗崖前，蹲的是毀罵公婆淫潑婦。銅蛇鐵狗任爭餐，永墮奈河無出路。」,崔玨:道:唐王 ,1
好猴王，也十分乖巧：巍巍端坐中間，也無一些兒懼色，面上反喜盈盈的笑道：「賢郎請起。我因年老，連日有事不遂心懷，把你生時果偶然忘了。且等到明日回家，問你母親便知。」,行者:笑道:妖王,1
豬八戒認得是木叉行者，引師父上前迎接。,八戒:引:三藏,1
三藏道：「那獃子雖是心性愚頑，卻只是一味懞直，倒也有些膂力，挑得行李；還看當日菩薩之念，救他隨我們去罷。料他以後，再不敢了。」,三藏:道:行者,1
八戒道：「兄弟，不要栽人。——從長計較。」,八戒:道:沙僧,1
行者依言，還未坐下，又見那善財童子上前施禮道：「孫大聖，前蒙盛意，幸菩薩不棄收留，早晚不離左右，專侍蓮臺之下，甚得善慈。」,行者:依言:二十四路諸天與守山大神、木叉行者、善財童子、捧珠龍女,1
老魔道：「甚麼事？」,老妖:道:八戒,1
玄奘道：「我爹爹被強盜打死了，我娘被強盜霸佔為妻。」,玄奘:道:婆婆,1
行者道：「此時萬籟無聲，冰輪明顯，正好走了去罷。」,行者:道:八戒,1
八戒道：「到水了！」,八戒:道:行者,1
三藏道：「你怎麼欺心，就敢打我？」,三藏:道:孫悟空,1
行者道：「這個容易。老孫去，手到擒來。」,行者:道:八戒,1
伯欽聞得此說，沉吟了半晌道：「長老，寒家歷代以來，不曉得喫素；就是有些竹笋，採些木耳，尋些乾菜，做些豆腐，也都是獐鹿虎豹的油煎，卻無甚素處。有兩眼鍋灶，也都是油膩透了，這等奈何？反是我請長老的不是。」,伯欽:道:三藏,1
前來問道：「你是那裏成精的野豕，何方作怪的老彘，敢在此間攩我？」,菩薩:問道:妖魔,1
忽抬頭往雲端裏一看，看見是日值功曹，他就縱雲趕上，罵了幾聲「毛鬼！」,行者:罵:日值功曹,-1
那妖道：「我大王見面錢只要幾兩銀子，你怎麼跌一跌兒做見面錢？你別是一鄉風，決不是我這裏道士。」,精細鬼、伶俐蟲:道:行者,1
行者又搖手道：「不要跪，休怕。我不是監工的，我來此是尋親的。」,行者:道:和尚,1
行者接了帶，把假妝的行者拴住。,行者:遞與:金角,1
菩薩道：「不消著衣，就此去也。」,菩薩:道:行者,1
樵夫道：「你那閑時又不如我的閑時好也。亦有詩為證。詩曰：閑觀縹緲白雲飛，獨坐茅庵掩竹扉。無事訓兒開卷讀，有時對客把棋圍。喜來策杖歌芳徑，興到攜琴上翠微。草履麻縧粗布被，心寬強似著羅衣。」,李定:道:張稍,1
那閣門大使，進朝俯伏金階，奏曰：「外面有四個和尚，說是東土大唐取經的，欲來倒換關文，現在五鳳樓前候旨。」,閣門大使:奏曰:國王,1
二魔道：「唐僧來了。」,銀角:道:小妖,1
八戒笑道：「師兄又扯空頭謊了，風又好抓得過來聞！就是抓得來，便也鑽了去了。」,八戒:笑道:行者,1
高老道：「你且看看。若是用得鑰匙，卻不請你了。」,太公:道:行者,1
行者道：「怎的是『三進履』？」,孫悟空:道:龍王,1
玉帝遂下殿迎接。,玉帝:迎接:菩薩,1
眾神道：「說起他來，或者大聖也知道。他是牛魔王的兒子，羅剎女養的。他曾在火燄山修行了三百年，煉成『三昧真火』，卻也神通廣大。牛魔王使他來鎮守號山，乳名叫做紅孩兒，號叫做聖嬰大王。」,眾神:道:行者,1
仙童笑道：「你是個訪道的麼？」,仙童:笑道:美猴王,1
宮主道：「我那裏得個甚麼皇兄、皇嫂！我娘家姓李，我的乳名喚做李翠蓮；我丈夫姓劉名全。兩口兒都是均州人氏。因為我三個月前，拔金釵在門首齋僧，我丈夫怪我擅出內門，不遵婦道，罵了我幾句，是我氣塞胸堂，將白綾帶懸梁縊死，撇下一雙兒女，晝夜悲啼。今因我丈夫被唐王欽差，赴陰司進瓜果，閻王憐憫，放我夫妻回來。他在前走。因我來遲，趕不上他，我絆了一跌。你等無禮！不知姓名，怎敢扯我！」,玉英宮主: 道:唐王,1
行者上前高呼道：「你怎麼這等昏亂！見放著那道士的屍骸，一個是虎，一個是鹿，那羊力是一個羚羊。不信時，撈上骨頭來看。那裏人有那樣骷髏？他本是成精的山獸，同心到此害你。因見氣數還旺，不敢下手。若再過二年，你氣數衰敗，他就害了你性命，把你江山一股兒盡屬他了。幸我等早來，除妖邪救了你命。你還哭甚！哭甚！急打發關文，送我出去。」,行者:道:國王,1
玉帝聞言：「依卿所奏。」,玉帝:聞言:哪吒,1
眾小仙一一伺候。,小仙:伺候:鎮元大仙,1
行者拖將虎來道：「師父略坐一坐，等我脫下他的衣服來，穿了走路。」,孫悟空:道:三藏,1
行者道：「你莫是那掉船的妖邪，又來騙我麼？」,行者:道:河神,1
三藏道：「我與你起個法名，卻好呼喚。」,三藏:道:孫悟空,1
行者道：「那山離此有多遠近？」,孫悟空:道:院主,1
孫行者靦面相迎，叫聲「帝君，起手了。」,行者:叫:帝君,1
三藏道：「此風甚惡，比那天風不同。」,三藏:道:行者,1
玉帝聞言，驚訝道：「這妖猴何敢這般狂妄！著眾將即刻誅之。」,玉皇大帝:驚訝道:哪吒,1
公主道：「郎君，放他從後門裏去罷。」,公主:道:老妖,1
沙僧道：「不打緊，師父，你且坐在這裏，等我去尋他來。」,沙僧:道:三藏,1
那小妖如言報告，老魔大驚道：「拿住孫行者，又怎麼有個者行孫？」,行者:報告:小妖,1
行者歡喜道：「八戒，像這般子走走耍耍，我們也是上臺盤的和尚了。」,行者:歡喜道:八戒,1
猴王道：「此三者居於何所？」,美猴王:道:通背猿猴,1
他兄弟們牽馬挑擔而入，徑至裏邊，拴馬歇擔，與莊老拜見敘坐。,行者、八戒:拜見:老者,1
行者急回頭，用手招呼道：「你來！你來！打倒你，纔是功績！」,行者:招呼道:老妖,1
又請行者，行者笑道：「不瞞列位說。老孫若肯要做皇帝，天下萬國九州皇帝，都做徧了。只是我們做慣了和尚，是這般懶散。若做了皇帝，就要留頭長髮，黃昏不睡，五皷不眠；聽有邊報，心神不安；見有災荒，憂愁無奈。我們怎麼弄得慣？你還做你的皇帝，我還做我的和尚，修功行去也。」,皇帝:請:行者,1
叫道：「女菩薩，往那裏去？手裏提著是甚麼東西？」,八戒:叫道:妖精,1
行者笑道：「我是個做𡤫虎的祖宗，你怎麼袖子裏籠了個鬼兒來哄我？你瞞不過我！我認得你是個妖精！」,行者:笑道:妖精,1
行者將菩薩降魔收怪的那一節，陳訴與他君臣聽了，一個個頂禮不盡。,行者:陳訴:君臣儲后,1
孫大聖按下雲頭，報與三藏道：「師父，果然是一座寺院，卻好借宿，我們去來。」,三藏:道:長老,1
群猴聽說，一個個垂淚告道：「自大聖擒拿上界，我們被獵人之苦，著實難捱！怎禁他硬弩強弓，黃鷹劣犬，網扣鎗鉤，故此各惜性命，不敢出頭頑耍；只是深潛洞府，遠避窩巢。饑去坡前偷草食，渴來澗下吸清泉。卻纔聽得大聖爺爺聲音，特來接見，伏望扶持。」,群猴:垂淚告道:行者,1
只見那玉英宮主，正在花陰下，徐步綠苔而行，被鬼使撲個滿懷，推倒在地，活捉了他魂；卻將翠蓮的魂靈，推入玉英身內。,鬼使:推倒:玉英宮主,-1
慌得對著那盞昏燈，連忙叫：「徒弟！徒弟！」,三藏:叫:八戒,1
行者道：「你快去把那五百個和尚都點得齊齊整整，穿了長衣服出去，把我那唐朝的師父接進來，就不打你了。」,行者:道:僧官,1
行者笑道：「二位，你把寶貝借我看看。」,行者:笑道:精細鬼、伶俐蟲,1
行者道：「不是笑他。我這笑中有味。你看豬八戒這一去，決不巡山，也不敢見妖怪，不知往那裏去躲閃半會，捏出個謊來，哄我們也。」,行者:道:三藏,1
大眾道：「悟空，你是那世修來的緣法？前日老師父拊耳低言，傳與你的躲三災變化之法，可都會麼？」,大眾:道:孫悟空,1
——「棍子第三指，就要雷鳴電灼。」,行者:道:雷公、電母,1
妖怪道：「我是好人家兒女，不幸遭此大難，怎麼是個甚麼『那話兒』？」,妖精:道:行者,1
老妖道：「孫行者不在，想必是風吹死也。再不便去那裏求救兵去了！」,老妖:道:小妖,1
二將謝恩而出。,秦叔寶、敬德:謝恩:唐王,1
八戒跳下馬來：「你們且休講閑口，等老豬試看有多少厚薄。」,八戒:道:三藏、行者、沙僧,1
玄奘叩頭謝恩。,玄奘:叩頭謝恩:唐王,1
行者笑道：「我兒子，你站穩著，仔細聽之！我：自小神通手段高，隨風變化逞英豪。養性修真熬日月，跳出輪迴把命逃。一點誠心曾訪道，靈臺山上採藥苗。那山有個老仙長，壽年十萬八千高。老孫拜他為師父，指我長生路一條。他說身內有丹藥，外邊採取枉徒勞。得傳大品天仙訣，若無根本實難熬。回光內照寧心坐，身中日月坎離交。萬事不思全寡慾，六根清淨體堅牢。返老還童容易得，超凡入聖路非遙。三年無漏成仙體，不同俗輩受煎熬。十洲三島還遊戲，海角天涯轉一遭。活該三百多餘歲，不得飛昇上九霄。下海降龍真寶貝，纔有金箍棒一條。花果山前為帥首，水簾洞裏聚群妖。玉皇大帝傳宣詔，封我齊天極品高。幾番大鬧靈霄殿，數次曾偷王母桃。天兵十萬來降我，層層密密布鎗刀。戰退天王歸上界，哪吒負痛領兵逃。顯聖真君能變化，老孫硬賭跌平交。道祖觀音同玉帝，南天門上看降妖。卻被老君助一陣，二郎擒我到天曹。將身綁在降妖柱，即命神兵把首梟。刀砍鎚敲不得壞，又教雷打火來燒。老孫其實有手段，全然不怕半分毫。送在老君爐裏煉，六丁神火慢煎熬。日滿開爐我跳出，手持鐵棒遶天跑。縱橫到處無遮攩，三十三天鬧一遭。我佛如來施法力，五行山壓老孫腰。整整壓該五百載，幸逢三藏出唐朝。吾今皈正西方去，轉上雷音見玉毫。你去乾坤四海問一問，我是歷代馳名第一妖！」,孫悟空:笑道:黑風王,1
大眾道：「趁此良時，你試演演，讓我等看看。」,大眾:道:孫悟空,1
唐僧道：「我與你有甚恩？」,三藏:道:行者,1
行者道：「這上面坐的是甚麼菩薩？」,行者:道:八戒,1
三藏道：「若要去請菩薩，幾時纔得回來？我貧僧饑寒怎忍！」,三藏:道:孫悟空,1
行者也騰雲，急趕上去。,行者:趕:鎮元大仙,-1
那孩子喫了諕，口裏夾罵帶哭的亂嚷，驚動那波月洞的小妖，急報與公主道：「奶奶，不知甚人把二位公子搶去也！」,小妖:報道:公主,1
如來又稱謝了。,如來佛祖:稱謝:赤腳大仙,1
清風聞言道：「有理！有理！」,清風:道:明月,1
明月道：「怎的不是他？他那裏分不均，還在那裏嚷哩。」,明月:道:三藏,1
猴王道：「弟子乃東勝神洲傲來國花果山水簾洞人氏。」,美猴王:道:菩提祖師,1
劉全徑至森羅寶殿，見了閻王，將瓜果進上道：「奉唐王旨意，遠進瓜果，以謝十王寬宥之恩。」,劉全:道:閻王,1
正講處，只見有一個巡山的小妖，來報道：「大王！禍事了！下請書的小校，被孫行者打死在大路旁邊，他綽著經兒，變化做金池長老，來騙佛衣也！」,小妖:報道:黑漢,1
龍王道：「那廝還鎖在海中，未敢擅便，正欲請大聖發落。」,龍王:道:行者,1
只見路旁有幾個小猴，捧著紫巍巍的葡萄，香噴噴的梨棗，黃森森的枇杷，紅豔豔的楊梅，跪在路旁，叫道：「大聖爺爺，請進早膳。」,小猴:叫道:行者,1
那老者道：「師父休怪，我老漢作笑耍子，誰知你高徒認真。我小時也有幾個村錢，也好騎匹駿馬；只因累歲屯邅，遭喪失火，到此沒了下梢，故充為廟祝，侍奉香火。幸虧這後莊施主家募化度日。我那裏倒還有一副鞍轡，是我平日心愛之物，就是這等貧窮，也不曾捨得賣了。纔聽老師父之言，菩薩尚且救護神龍，教他化馬馱你，我老漢卻不能少有周濟，明日將那鞍轡取來，願送老師父，扣背前去，乞為笑納。」,老者:道:三藏,1
將那跑不動的拿住一個，剝了他衣裳，也學人穿在身上，搖搖擺擺。,美猴王:剝:人,-1
行者聞言，他心中有物的人，忙答道：「不曾！不曾！我們是打上路來的。」,行者:答道:鎮元大仙,1
福星道：「你倒是個夯貨，反敢罵人是奴才！」,福星:道:八戒,-1
那怪呵呵笑道：「這和尚不知死活！你師父是我拿了，如今要蒸熟了請人哩！你上來，與我見個雌雄！三合敵得我啊，還你師父；如三合敵不得，連你一發都蒸喫了，休想西天去也！」,鼉龍:笑道:沙僧,1
那怪道：「我願皈正果。」,妖怪:道:菩薩,1
那水族中，閃上一個斑衣鱖婆，對怪物跬跬拜拜，笑道：「大王，要捉唐僧，有何難處！但不知捉住他，可賞我些酒肉？」,鱖婆:道:怪物,1
祖師道：「若要長生，也似『壁裏安柱』。」,菩提祖師:道:孫悟空,1
八戒道：「正是，正是。」,八戒:道:行者,1
國王道：「既是這等，感謝聖僧。今日天晚，」,國王:道:文武官,1
老君道：「也沒有。」,太上老君:道:行者,1
悟空道：「休走！借你口中言，傳我心內事。我乃正南方花果山水簾洞洞主，你家甚麼混世鳥魔，屢次欺我兒孫，我特尋來，要與他見個上下！」,孫悟空:道:小妖,1
行者笑道：「八戒，造化！抬出鍋來，想是煮飯我們喫哩。」,行者:笑道:八戒,1
三藏道：「經上有云：『佛、法、僧三寶。』和尚卻也是一寶。」,三藏:道:行者,1
老魔道：「拿了誰來？」,金角:道:銀角,1
行者笑道：「莫管！莫管！老孫自有法兒。」,行者:笑道:沙僧,1
八戒道：「你倒不是獃子，反說我是獃子！只哄他耍耍便罷，怎麼就與他祭賽，當起真來！」,八戒:道:行者,1
滿寺中僧尼道俗，士人工賈，無一人不拜禱道：「好菩薩！好菩薩！」,僧尼道俗、士人工賈:拜禱道:拜禱道,1
那小妖不知好歹，圍住行者，分其乾糧，被行者掣出棒，著頭一磨，一個搪著的，打得稀爛；一個擦著的，不死還哼。,轎夫:圍:行者,-1
尋到皇城東街，殷丞相府上，與門上人道：「小僧是親戚，來探相公。」,玄奘:道:門上人,1
須臾間，墜下觔斗，到紫竹林外，又只見那二十四路諸天，上前迎著道：「大聖何來？」,二十四路諸天:迎著道:行者,1
道人用手指定道：「那正殿後邊不是一個人？」,道人:指定道:方丈,1
那妖道：「蓬萊山是海島神仙境界。」,精細鬼、伶俐蟲:道:行者,1
國王見了道：「豬長老又會騰雲！」,國王:道:八戒,1
行者道：「天若惱著我，一月之間，常裝他七八遭。不惱著我，就半年也不裝他一次。」,行者:道:伶俐蟲,1
沙僧卻也上前道：「哥哥，這是一陣旋風。」,沙僧:道:行者,1
唐僧道：「也不曾罵。」,唐僧:道:行者,1
那國王聞言，急回頭，便請三藏道：「長老若有手段，放法力，捉了妖魔，救我孩兒回朝，也不須上西方拜佛；長髮留頭，朕與你結為兄弟，同坐龍床，共享富貴如何？」,國王:請道:三藏,1
猴王道：「我纔半月有餘，那裏有十數年？」,孫悟空:道:眾猴,1
行者道：「這可是靈吉菩薩講經處麼？」,行者:道:道人,1
遂道：「女菩薩，不消問了。我已是該死的，走進你家門來也。要喫就喫了罷，又問怎的？」,三藏:道:婦人,1
老者道：「怎見我省？」,老者:道:行者,1
那太子奉旨，前來北天門，見真武，備言前事。,哪吒:備言:真武,1
行者道：「既如此，我與你個護身法兒。」,行者:道:眾僧,1
虎力道：「術法只抵得物件，卻抵不得人身。將這道童藏在裏面，管教他抵換不得。」,虎力大仙:道:國王,1
悟空道：「老孫雖量窄，喫不上罈把，卻也不曾斷酒。」,行者:道:八戒,1
樵子道：「你說是老實，便怎敢說把他遞解起身？」,樵子:道:行者,1
那猴道：「我沒話說，教那個師父上來，我問他一問。」,孫悟空:道:伯欽,1
那雷公、電母道：「奉承！奉承！」,雷公、電母:道:行者,1
那三道士陪國王坐在樓上。,三道士:陪:國王,1
行者道：「我的手段，你是也不曾看見。絕會降妖，極能伏怪。」,行者:道:公主,1
那些小道士俱遵命，兩班兒擺列齊整。,小道士:遵命:虎力大仙,1
十王聞言，伏禮道：「自那龍未生之前，南斗星死簿上已註定該遭殺於人曹之手，我等早已知之。但只是他在此折辯，定要陛下來此，三曹對案，是我等將他送入輪藏，轉生去了。今又有勞陛下降臨，望乞恕我催促之罪。」,十代閻王:伏禮道:唐王 ,1
見觀音菩薩在紫竹林中與諸天大神、木叉、龍女，講經說法。,觀音菩薩:說法:諸天大神、木叉、龍女,1
三藏聞言，滿心歡喜道：「你雖有此善心，又蒙菩薩教誨，願入沙門，只是我又沒斧鑿，如何救得你出？」,三藏:道:孫悟空,1
行者聞了這許多好言，纔謝了大慈大悲的菩薩。,孫悟空:纔謝:菩薩,1
娘娘聞言道：「這孩兒發風了！做皇帝的是你父王，你問怎的？」,娘娘:道:太子,1
公主道：「變得好！變得好！你這一進朝啊，我父王是親不滅，一定著文武多官留你飲宴。倘喫酒中間，千千仔細，萬萬個小心，卻莫要現出原嘴臉來，露出馬腳，走了風汛，就不斯文了。」,公主:道:老妖,1
行者合掌道：「是，弟子不知。」,行者:道:菩薩,1
僧官道：「等我出去看他。」,僧官:道:道人,1
行者罵道：「你這夥作死的毛團，不識你孫外公的手段！不要走！領吾一棒！」,行者:罵道:狐阿七大王,-1
只得請師父上馬，下山往西而去。,行者:請:三藏,1
三藏見了，叫：「八戒、沙僧，悟空纔說這裏曠野無人，你看那裏不走出一個人來了？」,三藏:叫:八戒,1
大聖端肅皈依參見。,行者:依言:菩薩,1
道士云：「我那師父，呼風喚雨，只在翻掌之間；指水為油，點石成金，卻如轉身之易；所以有這般法力，能奪天地之造化，換星斗之玄微，君臣相敬，與我們結為親也。」,道士:道:行者,1
那羊力大仙又奏道：「我師兄既死，如何得現獸形？這都是那和尚弄術法坐害我等。等我與師兄報仇者。」,羊力大仙:道:國王,1
大聖道：「我已有名了，叫做孫悟空。」,孫悟空:道:菩薩,1
行者笑道：「師父啊，你那裏知道？西方路上多有妖怪邪魔，善能點化莊宅。不拘甚麼樓臺房舍，館閣亭宇，俱能指化了哄人。你知道『龍生九種』，內有一種名『蜃』。蜃氣放光，就如樓閣淺池。若遇大江昏迷，蜃現此勢。倘有鳥鵲飛騰，定來歇翅。那怕你上萬論千，盡被他一氣吞之。此意害人最重。那壁廂氣色兇惡，斷不可入。」,行者:笑道:三藏,1
八戒聞言，即開口稱揚道：「我師兄乃五百年前大鬧天宮齊天大聖孫悟空也。」,八戒:稱揚道:妖魔,1
菩薩急止住道：「休傷他命。我有用他處哩。」,菩薩:道:孫悟空,1
卻說那鎮元大仙用手攙著行者道：「我也知道你的本事，我也聞得你的英名，只是你今番越理欺心，縱有騰那，脫不得我手。我就和你講到西天，見了你那佛祖，也少不得還我人參果樹。你莫弄神通。」,鎮元大仙:攙著:行者,1
二魔道：「差精細鬼、伶俐蟲二人去。」,銀角:道:金角,1
沙僧道：「天上人間，方便第一。你雖不是渡船，我們也不是常來打攪你的。我等是東土欽差取經的佛子，你可方便方便，渡我們過去，謝你。」,沙僧:道:船上人,1
國王教：「拿三個和尚下去！」,國王:教:監斬官,1
八戒道：「兒子，我這鈀，不是那築地之鈀。你看：巨齒鑄就如龍爪，遜金裝來似蟒形。若逢對敵寒風洒，但遇相持火焰生。能與聖僧除怪物，西方路上捉妖精。輪動煙雲遮日月，使開霞彩照分明。築倒太山千虎怕，掀翻大海萬龍驚。饒你威靈有手段，一築須教九窟窿！」,八戒:道:怪物,1
將些房錢賃屋一間與婆婆棲身；又將盤纏與婆婆道：「我此去只月餘就回。」,玄奘:道:婆婆,1
那東廂閃過徐茂功、魏徵、王珪、杜如晦、房玄齡、袁天罡、李淳風、許敬宗等；西廂閃過殷開山、劉弘基、馬三寶、段志賢、程咬金、秦叔寶、胡敬德、薛仁貴等：一齊上前，在白玉階前，俯伏啟奏道：「陛下前朝一夢，如何許久方覺？」,李淳風:啟奏道:唐王,1
那菩薩到山腳下，有玉真觀金頂大仙在觀門首接住，請菩薩獻茶。,金頂大仙:請:菩薩,1
行者道：「既如此，不當值者且退，留下六丁神將與日值功曹和眾揭諦保守著我師父。等老孫尋那澗中的孽龍，教他還我馬來。」,孫悟空:道:眾神,1
陳老大喜，即命：「取素果品，燉暖酒，與列位湯寒。」,老者:命:僮僕,1
一齊上前亂嚷道：「這和尚無禮！你的東西全然沒有，轉來和我等要分東西！」,六個人:亂嚷道:孫悟空,1
陳老問：「列位老爺，可飲酒麼？」,老者:問:三藏、行者、八戒、沙僧,1
魔王道：「趁早實實的替他供來，免得取罪。」,魔王:道:行者,1
明月上前道：「老師，此物叫做『人參果』，喫一個兒不妨。」,明月:道:三藏,1
行者道：「我們也喫素。都是胎裏素。」,行者:道:僧官,1
八戒道：「師父想你，著我來請你的。」,八戒:道:行者,1
太宗問曰：「你是何人？因甚事前來接拜？」,唐王 :問曰:崔玨,1
天師聞言，即進靈霄殿上啟奏，蒙差查勘九曜星官、十二元辰、東西南北中央五斗、河漢群辰、五岳四瀆、普天神聖都在天上，更無一個敢離方位。,四大天師:啟奏:玉帝,1
屬官答道：「堂尊大魁高才，自然視民如子，訟簡刑清。我等合屬有賴，何必過謙？」,官員:答道:劉洪,1
道士用手指定那沙灘上僧人：「他做的是我家生活，恐他躲懶，我們去點他一卯就來。」,道士:道:行者,1
他搵了淚道：「師父啊，若要過得此山，須是豬八戒依得我兩件事兒，纔有三分去得；假若不依我言，替不得我手，半分兒也莫想過去。」,行者:道:三藏,1
太宗道：「朕即位，今一十三年了。」,唐王 :道:十代閻王,1
卻說他兄弟三眾，到了殿上，對師父道：「飯將熟了，叫我們怎的？」,行者、沙僧、八戒:道:三藏,1
行者叫道：「頭痛！頭痛！」,孫悟空:叫道:三藏,1
——「如何又這等樣黑？」,精細鬼、伶俐蟲:道:行者,1
出在森羅寶殿，控背躬身，迎迓太宗。,十代閻王:迎迓:唐王 ,1
大仙道：「這個和尚，越發不尊重了！」,鎮元大仙:道:八戒,-1
行者道：「道人作揖。」,行者:道:道人,1
八戒道：「不是恨你，這叫『回頭望福』。」,八戒:道:福星,-1
伶俐蟲道：「哥啊，神仙也會打誑語。他說換了寶貝，度我等成仙，怎麼不辭就去了？」,伶俐蟲:道:精細鬼,1
二魔道：「兄長，我們已喫了這半會酒，又遞甚鍾？」,銀角:道:金角,1
行者道：「遵命，遵命。」,行者:道:三藏,1
念了一遍道：「李長庚是那個？」,八戒:道:行者,1
守誠曰：「我救你不得，只是指條生路與你投生便了。」,袁守誠:曰:龍王,1
老怪咄的一聲道：「胡纏！忘了物件，就敢打上門來？必有緣故！」,老妖:道:小妖,1
光蕊謝恩出朝，回到相府，與妻商議，拜辭岳丈、岳母，同妻前赴江州之任。,光蕊:商議:殷小姐,1
行者又將請菩薩，收童子之言，備陳一遍。,行者:陳述:三藏,1
八戒笑得打跌道：「哥耶！哥耶！你只曉得捉弄我，不曉得我也捉弄你捉弄！」,八戒:笑道:行者,1
那龍道：「我是西海龍王敖閏之子。因縱火燒了殿上明珠，我父王表奏天庭，告了忤逆。玉帝把我吊在空中，打了三百，不日遭誅。望菩薩搭救，搭救。」,玉龍:道:菩薩,1
巨靈神回至營門，徑見托塔天王，忙哈哈跪下道：「弼馬溫是果神通廣大！末將戰他不得，敗陣回來請罪。」,巨靈神:跪下道:托塔天王,1
三藏道：「不可！不可！律云：『公取竊取皆為盜。』倘或有人知覺，趕上我們，到了當官，斷然是一個竊盜之罪。還不送進去與他搭在原處！我們在此避風坐一坐，等悟空來時走路。出家人不要這等愛小。」,三藏:道:八戒,1
三藏謝了恩，收了文牒。,三藏:謝恩:國王,1
這真君領著四太尉、二將軍，連本身七兄弟，出營挑戰：分付眾將，緊守營盤，收全了鷹犬。,二郎真君:領:二將軍,1
二魔道：「者行孫是我裝在葫蘆裏也。」,銀角:道:金角,1
八戒道：「妙！妙！妙！須是看看來也。」,八戒:道:井龍王,1
即變做一個一尺七寸長的大紫金紅葫蘆，自腰裏拿將出來道：「你看我的葫蘆麼？」,行者:道:精細鬼、伶俐蟲,1
悟空聞得此言，叩頭禮拜，啟道：「師父，『為人須為徹』，索性捨個大慈悲，將此騰雲之法，一發傳與我罷，決不敢忘恩。」,孫悟空:叩頭禮拜，啟道:菩提祖師,1
行者道：「我且不打你，你再認認看。」,行者:道:老妖,1
猴王道：「怎麼叫做『未入流』？」,孫悟空:道:眾監官,1
他撞上來，不分好歹，望菩薩舉釘鈀就就築。,妖魔:舉釘鈀:菩薩,-1
老王道：「倉卒無殽，不敢苦勸，請再進一筯。」,老王:道:三藏、行者,1
行者道：「好！好！好！花甲重逢矣。」,行者:道:老者,1
那鬼王整衣跑入洞中，倒身下拜。,鬼王:倒身下拜:孫悟空,1
八戒道：「我看你怎麼出去。」,八戒:道:行者,1
八戒道：「哥啊，不要栽人麼。——大家從長計較。」,八戒:道:行者,1
那怪笑道：「是，是，是有一個唐僧在我家。我也不曾怠慢他，安排些人肉包兒與他喫哩。你們也進去喫一個兒，何如？」,老妖:笑道:八戒,1
那階前，行者引唐僧、八戒、沙僧都拜了。,唐僧、八戒、沙僧:拜:菩薩,1
二天師即忙上奏。,邱、張二天師:上奏:玉帝,1
沙僧道：「哥啊，定不得吉凶哩。我們且去看來。」,沙僧:道:八戒,1
祖師道：「術字門中，乃是些請仙扶鸞，問卜揲蓍，能知趨吉避凶之理。」,菩提祖師:道:孫悟空,1
仍前披掛，手綽鋼叉，又走出門來；見了行者，更不打話，撚叉當胸就刺。,老妖:刺:行者,-1
行者順手一把扯住道：「那裏去？我問你一個信兒：此間是甚麼地方？」,孫悟空:道:少年,1
三藏道：「是適間一個老母傳授我的。」,三藏:道:孫悟空,1
行者道：「本欲來的，只是弟子被煙燻了，不能駕雲，卻教豬八戒來請菩薩。」,行者:道:菩薩,1
那獃子慌得跪下道：「師父，你莫聽師兄之言。他有些贓埋人。我不曾報怨甚的，他就說我報怨。我是個直腸的癡漢，我說道肚內饑了，好尋個人家化齋，他就罵我是戀家鬼。師父啊，我受了菩薩的戒行，又承師父憐憫，情願要伏侍師父往西天去，誓無退悔。這叫做『恨苦修行』。怎的說不是出家的話！」,八戒:跪下道:三藏,1
那裏有幾個巡山的小怪，把門的眾妖，都撞將進來，報道：「大王，禍事了！孫行者打殺奶奶，他妝來耶！」,眾妖:報道:金角、銀角,1
行者聞言，就氣得抓耳撓腮，暴躁亂跳道：「是那個敢這等罵我！」,行者:暴躁亂跳道:八戒,-1
八戒道：「無甚好草，沒處放馬。」,八戒:道:三藏,1
都道：「萬劫難逢也！」,眾猴:稱賀、道:孫悟空,1
那怪對唐僧馬下淚汪汪，只情磕頭。,妖精:磕頭:三藏,1
那怪叫：「和尚，伸出嘴來！」,銀角:叫:八戒,1
行者道：「這樁事，作做是我的魔頭罷；你怎麼又把那有罪的孽龍，送在此處成精，教他喫了我師父的馬匹？此又是縱放歹人為惡，太不善也！」,孫悟空:道:菩薩,1
樵夫道：「張兄，你水上還不如我山中的生意快活。亦有西江月為證：敗葉枯藤滿路，破梢老竹盈山。女蘿乾葛亂牽攀，折取收繩殺擔。蟲蛀空心榆柳，風吹斷頭松柟。採來堆積備冬寒，換酒換錢從俺。」,李定:道:張稍,1
三藏道：「徒弟啊，出家人慈悲為本，方便為門。你怎的這等心硬？」,三藏:道:八戒,1
行者道：「你頭邊放的不是？」,行者:道:八戒,1
二小妖大驚道：「纔說話時，只好向午，這怎麼就黃昏了？」,精細鬼、伶俐蟲:驚道:行者,1
大聖道：「你不在南海修行，卻來此見我做甚？」,孫悟空:道:行者,1
高老大喜道：「我為招了他不打緊，壞了我多少清名，疏了我多少親眷；但得拿住他，要甚麼文書？就煩與我除了根罷。」,太公:道:行者,1
那妖道：「你是那裏和尚？從那裏來？到那裏去？快快說明！」,妖魔:道:三藏,1
小妖道：「來了。」,精細鬼、伶俐蟲:道:銀角,1
他輪鎗舞劍，一擁前來，照行者劈頭亂砍，乒乒乓乓，砍有七八十下。,六個人:劈頭亂砍:孫悟空,-1
行者慌忙跪下道：「弟子不敢催促，且請菩薩著衣登座。」,行者:跪下道:菩薩,1
只聽得半空中八戒、沙僧厲聲高叫道：「師兄，有妖精，留幾個兒我們打耶。」,八戒、沙僧:高叫道:行者,1
眾猴聞說，個個驚恐道：「大王所見甚長，只是無處可取。」,眾猴:驚恐道:孫悟空,1
行者聞其言道：「老龍王，快撞鐘鼓。」,行者:道:龍王,1
高老道：「是那裏來的？」,高老:道:高才,1
轎夫道：「長官，你喫的是甚麼？」,轎夫:道:行者,1
八戒道：「這個小可，老豬去巡山罷。」,八戒:道:行者,1
劉洪歸衙，問其原故，小姐道：「我幼時曾許下一願，許捨僧鞋一百雙。昨五日之前，夢見個和尚，手執利刃，要索僧鞋，便覺身子不快。」,劉洪:問:殷小姐,1
太宗問道：「新科狀元陳光蕊應授何官？」,太宗:問道:文武眾臣,1
兩個魔頭，雙膝跪倒，朝上叩頭，叫道：「母親，孩兒拜揖。」,金角、銀角:叩頭:行者,1
妖王道：「觀其形容動靜都像，只是言語不像。只怕著了他假，喫了人虧。你們都要仔細：會使刀的，刀要出鞘；會使鎗的，鎗要磨明；會使棍的，使棍；會使繩的，使繩。待我再去問他，看他言語如何。若果是老大王，莫說今日不喫，明日不喫，便遲個月何妨！假若言語不對，只聽我哏的一聲，就一齊下手。」,妖王:道:小妖,1
行者道：「賢弟，你起來。不是我去不成；既是妖精敢罵我，我就不能不降他。我和你去。老孫五百年前大鬧天宮，普天的神將看見我，一個個控背躬身，口口稱呼大聖。這妖怪無禮，他敢背前面後罵我！我這去，把他拿住，碎屍萬段，以報罵我之仇！報畢，我即回來。」,行者:道:八戒,1
北海龍王敖順道：「說的是。我這裏有一雙藕絲步雲履哩。」,北海龍王:道:東海龍王,1
猴王聽說，教：「取我披掛來！」,孫悟空:教:眾妖,1
張氏道：「放生好事，我心甚喜。」,張氏:道:光蕊,1
卻說公主娘娘，心生巧計，急往前來，出門外，分開了大小群妖；只聽得叮叮噹噹，兵刃亂響。,公主:分開:小妖,-1
行者道：「正是。未曾得到寶山，被那妖精假變做菩薩模樣，把豬八戒又賺入洞中，現吊在一個皮袋裏，也要蒸喫哩。」,行者:道:菩薩,1
慌得那公主厲聲高叫道：「那漢子，我與你沒甚相干，怎麼把我兒子拿去？他老子利害，有些差錯，決不與你干休！」,公主:高叫道:行者,-1
便問：「蟠桃盛會如何？」,菩薩:問:玉帝,1
扢迸迸，鋼牙錯嚙；滴流流，火眼睜圓；掣鐵棒喝道：「你有多大手段，敢說這等大話！休走！看棍！」,行者:喝道:猛虎,-1
木叉道：「我是托塔天王二太子木叉惠岸行者。今保我師父往東土尋取經人去。你是何怪，敢大膽阻路？」,木叉:道:妖怪,1
行者委的不知來歷，接過口來，就問他一句道：「你那葫蘆是那裏來的？」,行者:道:銀角,1
唐僧道：「不曾打。」,唐僧:道:行者,1
三藏心中不快，口裏罵道：「你這猴子！想你在兩界山，被如來壓在石匣之內，口能言，足不能行；也虧我救你性命，摩頂受戒，做了我的徒弟。怎麼不肯努力，常懷懶惰之心！」,三藏:罵道:行者,-1
三藏道：「那太子想必被妖魔貶了？」,三藏:道:皇帝,1
八戒大喜道：「說得是，來得好。我兩個努力齊心，去捉那怪物；雖不怎的，也在此國揚揚姓名。」,八戒:大喜道:沙僧,1
八戒道：「莫管，我這一至，鑽冰取火尋齋去，壓雪求油化飯來。」,八戒:道:三藏,1
即安排酒果接風，將椰酒滿斟一石碗奉上。,眾怪:奉上:孫悟空,1
八戒腰裏掣出鈀來道：「老豬使的是釘鈀。」,八戒:道:國王,1
太宗准奏。,唐王:准奏:秦叔寶,1
且教道人過來，摘下包巾，戴上沖天冠；脫了布衣，穿上赭黃袍；解了縧子，繫上碧玉帶；褪了僧鞋，登上無憂履；教太子拿出白玉珪來，與他執在手裏，早請上殿稱孤。,行者:教:太子,1
老僧道：「不敢！不敢！」,老僧:道:三藏,1
行者笑道：「獃子，你和誰說哩？」,行者:道:八戒,1
八戒道：「師父的凡胎肉骨，重似泰山，我這駕雲的，怎稱得起？須是你的觔斗方可。」,八戒:道:行者,1
卻又拔下兩根毫毛，變作一個木魚兒，遞在他手裏道：「徒弟，須聽著。但叫道童，千萬莫出去；若叫和尚，你就與我頂開櫃蓋，敲著木魚，念一卷佛經鑽出來，方得成功也。」,行者:遞:童兒,1
行者看罷道：「師父請行。定是一村好人家，正可借宿。」,孫悟空:道:三藏,1
三藏道：「你不曾理會得。古人有云：『珍奇玩好之物，不可使見貪婪奸偽之人。』倘若一經入目，必動其心；既動其心，必生其計。汝是個畏禍的，索之而必應其求，可也；不然，則殞身滅命，皆起於此，事不小矣。」,三藏:道:孫悟空,1
卻纔伏侍唐僧上馬，又將摘來桃子奉上。,行者:伏侍:三藏,1
高老道：「天那！還喫得有多少哩！只這一個怪女婿，也被他磨慌了！」,太公:道:行者,1
接入正殿中間，參拜佛像。,眾僧:接:太子,1
那沙僧搬下行李，跑進廚房道：「哥哥，叫我怎的？」,沙僧:道:八戒,1
八戒道：「我就不去了？」,八戒:道:行者,1
即命八戒動手，那獃子掣鐵鈀，盡力一築，把門築得粉碎。,行者:命:八戒,1
大聖道：「我記得當年玉帝妹子思凡下界，配合楊君，生一男子，曾使斧劈桃山的，是你麼？我行要罵你幾聲，曾奈無甚冤仇；待要打你一棒，可惜了你的性命。你這郎君小輩，可急急回去，喚你四大天王出來。」,孫悟空:道:二郎真君,1
行者道：「八戒馱得。」,行者:道:三藏,1
行者喝道：「我老孫生的是這個笑容兒，莫成為你不見了甚麼果子，就不容我笑？」,行者:喝道:清風,-1
他見那些小妖齊上，慌了手腳，遮架不住，敗了陣，回頭就跑。,小妖:打:八戒,-1
八戒上前，一把扯住行者道：「師兄，十分風大！我們且躲一躲兒乾淨。」,八戒:扯住道:行者,-1
那獃子綑在地，氣呼呼的道：「闖禍的潑猴子，無知的弼馬溫！該死的潑猴子，油烹的弼馬溫！猴兒了帳，馬溫斷根！」,八戒:道:行者,-1
悟空道：「我兒子便胡說！你是認不得我了，我本是這兩界山石匣中的大聖。你再認認看。」,孫悟空:道:老者,1
沙和尚醒來道：「哥哥，你還不曾睡哩？」,沙僧:道:行者,1
沙僧道：「師父，還有陪綁的在這裏哩。」,沙僧:道:三藏,1
那魔頭將身上細細搜檢，卻將那葫蘆、淨瓶都搜出來；又把繩子牽著，帶至洞裏道：「兄長，拿將來了。」,銀角:道:金角,1
悟空頓然醒悟道：「我自東勝神洲傲來國花果山水簾洞來的。」,孫悟空:道:菩提祖師,1
他聽得本部星員念咒，方敢出頭，隨眾上界。,奎星:隨:二十七宿星員,1
行者道：「這山就是號山了。從此處到那妖精門首，約摸有四百餘里。」,行者:道:菩薩,1
老魔道：「兄弟仔細。」,金角:道:銀角,1
那國王慌忙跪下道：「師父，你是我重生父母一般，莫說挑擔，情願執鞭墜鐙，伏侍老爺，同行上西天去也。」,皇帝:跪下道:行者,1
小姐道：「你既是金山寺長老的徒弟……」,殷小姐:道:玄奘,1
那四海龍王在半空中答應道：「小龍在此伺候。」,四海龍王:答應道:行者,1
不多時，只見菩薩手提一個紫竹籃兒，出林道：「悟空，我與你救唐僧去來。」,菩薩:道:行者,1
那禪師傳了經文，踏雲光，要上烏巢而去；被三藏又扯住奉告，定要問個西去的路程端的。,三藏:扯:禪師,-1
菩薩道：「汝等切不可走漏一毫消息。我奉佛旨，特來此處尋訪取經人。借你廟宇，權住幾日，待訪著真僧即回。」,菩薩:道:城隍、社令,1
行者笑道：「不瞞老施主說。我纔然離了師父，還不尚一盞熱茶之時，卻就走到此處。如今化了齋，還要趕去作午齋哩。」,行者:笑道:老者,1
三藏見他持刀，又老實說道：「大王，我有兩個徒弟，叫做豬八戒、沙和尚，都出松林化齋去了。還有一擔行李，一匹白馬，都在松林裏放著哩。」,三藏:說道:妖魔,1
高才道：「現在門外等候。」,高才:道:太公,1
那怪聞言就走，被八戒又一釘鈀，未曾打著。,八戒:打:怪物,-1
行者道：「妖精已盡絕矣。」,行者:道:八戒、沙僧,1
老者方纔省悟道：「你倒有些像他；但你是怎麼得出來的？」,老者:道:孫悟空,1
行者用手扶起道：「師父放心，沒些兒事。這都是送衣服送盤纏與我們的。」,孫悟空:扶起道:三藏,1
行者道：「不消說了。老兒，你帶令愛往前邊宅裏，慢慢的敘濶，讓老孫在此等他。他若不來，你卻莫怪；他若來了，定與你剪草除根。」,行者:道:女兒,1
好行者，他虎瘦雄心還在，自然的氣象昂昂，聲音朗朗道：「見我怎的？」,行者:道:五方揭諦,1
那老者十分歡喜，道了幾聲「失迎」，又叫童子辦飯。,老者:道:三藏,1
八戒笑道：「哥哥，莫要說謊。你在東勝神洲，他這裏是西牛賀洲，路程遙遠，隔著萬水千山，海洋也有兩道，怎的與你有親？」,八戒:笑道:行者,1
那大聖口裏與八戒說話，眼裏卻抹著那兩個妖魔。,行者:抹著:金角、銀角,1
帝君道：「何事？自當領教。」,帝君:道:行者,1
他見行者走了，卻纔收了火具，帥群妖，轉於洞內，閉了石門，以為得勝，著小的排宴奏樂，歡笑不題。,紅孩兒:著:小妖,1
行者道：「我曉得。」,行者:道:三藏,1
船上人道：「我不是渡船，如何渡人？」,船上人:道:沙僧,1
行者道：「你下去麼？」,行者:道:八戒,1
行者道：「雖然知之，奈我遠來之僧，未曾與你相會。那時彼此混賴，不成勾當。須講開方好行事。」,行者:道:虎力大仙,1
八戒道：「是那家潑了靛缸了。」,八戒:道:唐僧,1
八戒笑道：「這童子差了。你這裏風俗不好，卻怎的關了門喫飯？」,八戒:笑道:清風、明月,1
行者道：「這畜類成精，侵奪帝位，還奉佛旨差來。似老孫保唐僧受苦，就該領幾道敕書！」,行者:道:文殊菩薩,1
八戒側身躲過，使釘鈀劈面迎來；隨後又有沙僧舉寶杖趕上前齊打。,沙僧:打:老妖,-1
真君撞進門，大聖見了，現出本相道：「郎君不消嚷，廟宇已姓孫了。」,孫悟空:道:二郎真君,1
梅山六弟道：「且休讚嘆，叫戰去來。」,梅山六弟:道:小猴,1
即傳旨教胡敬德將金銀與他修理寺院，起蓋生祠，請僧作善，就當還他一般。,唐王:教:胡敬德,1
漁翁道：「這都是我兩個生意，贍身的勾當，你卻沒有我閑時節的好處。有詩為證。詩曰：閑看蒼天白鶴飛，停舟溪畔掩蒼扉。倚篷教子搓釣線，罷棹同妻晒網圍。性定果然知浪靜，身安自是覺風微。綠簑青笠隨時著，勝掛朝中紫綬衣。」,張稍:道:李定,1
行者道：「如今卻往那裏去了？」,行者:道:八戒,1
卻說那玉帝次日設朝，只見張天師引御馬監監丞、監副在丹墀下拜奏道：「萬歲，新任弼馬溫孫悟空，因嫌官小，昨日反下天宮去了。」,監副:下拜奏道:玉皇大帝,1
太子道：「有四恩。」,太子:道:三藏,1
三藏道：「你看不出來哩，醜自醜，甚是有用。」,三藏:道:和尚,1
鬼使啟上道：「李翠蓮歸陰日久，屍首無存，魂將何附？」,鬼使:啟上道:閻王,1
三藏道：「徒弟啊，這河有多少寬麼？」,三藏:道:行者,1
三藏道：「列位請起，不須恨了。這去尋著袈裟，萬事皆休；但恐找尋不著，我那徒弟性子有些不好，汝等性命不知如何，恐一人不能脫也。」,三藏:道:大小和尚並頭陀、幸童、道人,1
夫妻們俱呵呵大笑道：「我與媳婦皆有此夢，正來告稟，不期母親呼喚，也是此夢。」,伯欽:大笑道:老嫗,1
這大聖纔按落雲頭，闖入蓮花洞裏，解下唐僧與八戒、沙和尚來。,行者:解下:三藏、八戒、沙僧,1
李定道：「你的水秀，不如我的山青。也有個蝶戀花詞為證。詞曰：雲林一段松花滿，默聽鶯啼，巧舌如調管。紅瘦綠肥春正暖，倐然夏至光陰轉。又值秋來容易換，黃花香，堪供玩。迅速嚴冬如指撚，逍遙四季無人管。」,李定:道:張稍,1
行者道：「我不用人，只是要幾個年高有德的老兒，陪我師父清坐閑敘，我好撇他而去。等我把那妖精拿來，對眾取供，替你除了根罷。」,行者:道:太公,1
木叉道：「我師未來，先差我來吩咐你早跟唐僧做個徒弟。叫把你項下掛的骷髏與這個葫蘆，按九宮結做一隻法船，渡他過此弱水。」,惠岸:道:妖精,1
大仙念動咒語，噀一口水，噴在臉上，隨即解了睡魔。,鎮元大仙:噴:清風、明月,-1
行者笑道：「你這個兒子，忒沒眼色！你外公雖是小小的，你若肯照頭打一叉柄，就長六尺。」,行者:道:洞主,1
夜叉道：「臣巡水去到河邊，只聽得兩個漁樵攀話。相別時，言語甚是利害。那漁翁說：長安城裏，西門街上，有個賣卦先生，算得最準；他每日送他鯉魚一尾，他就袖傳一課，教他百下百著。若依此等算準，卻不將水族盡情打了？何以壯觀水府，何以躍浪翻波，輔助大王威力？」,夜叉:道:龍王,1
行者道：「我兒，你雖然認得他，他卻不變大的，如狼犺大像，恐進不得你門；他若變作小的，你卻難認。」,行者:道:妖王,1
大眾感激，各獻詩伸謝。,大眾:獻詩伸謝:如來佛祖,1
八戒道：「弄風攝師父去的可是他？」,八戒:道:行者,1
妖王道：「不知父王是長齋，是月齋？」,妖王:道:行者,1
魏徵謝了恩，即與唐王對弈，一遞一著，擺開陣勢。,魏徵丞相:對弈:唐王,1
大仙叫架起乾柴，發起烈火，教：「把清油抝上一鍋，燒得滾了，將孫行者下油鍋扎他一煠，與我人參樹報仇！」,鎮元大仙:教:小仙,1
行者道：「師父，你是唐姓，怎的和他是華宗？」,孫悟空:道:三藏,1
笑道：「好，好，好！收起！收起！把我們的也取出來看看。」,孫悟空:笑道:寺院主,1
三藏攙起道：「老院師有何話說？」,三藏:攙起道:老僧,1
他見三藏只管緒緒叨叨，按不住心頭火發道：「你既是這等：說我做不得和尚，上不得西天，不必恁般絮咶惡我，我回去便了！」,孫悟空:心頭火發道:三藏,-1
那高老道：「這個小長老，倒也家懷。」,太公:道:行者,1
唐王驚問道：「那閻王可曾說你妻甚麼？」,唐王:驚問道:劉全,1
執寶劍，出門外，叫聲「孫行者！你往那裏走了？」,銀角:叫:行者,-1
眾僧道：「他說：『那大聖：磕額金睛幌亮，圓頭毛臉無腮。咨牙尖嘴性情乖，貌比雷公古怪。慣使金箍鐵棒，曾將天闕攻開。如今皈正保僧來，專救人間災害。』」,眾僧:道:行者,1
快如風、急如火撞進洞裏：「報大王，老大王爺爺來了。」,小妖:報:妖王,1
那些大小道士聽見說出話來，一個個抖衣而戰道：「爺爺呀！活天尊臨凡，是必莫放，好歹求個長生的法兒！」,小道士:道:行者,1
八戒道：「爺爺呀，半棍兒也禁不得！」,八戒:道:行者,1
一個個序齒排班，朝上禮拜。,眾猴:禮拜:石猴,1
那道士又執令牌，燒了符檄，撲的又打了一下，只見那空中雲霧遮滿。,道士:道:八戒,1
那老者道：「這是個撞頭的和尚！」,老者:道:行者,1
二聖即啟道：「向時花果山產一猴，在那裏弄神通，聚眾猴攪亂世界。玉帝降招安旨，封為『弼馬溫』，他嫌官小反去。當遣李天王、哪吒太子擒拿未獲，復招安他，封做『齊天大聖』，先有官無祿。著他代管蟠桃園，他即偷桃；又走至瑤池，偷殽，偷酒，攪亂大會；仗酒又暗入兜率宮，偷老君仙丹，反出天宮。玉帝復遣十萬天兵，亦不能收伏。後觀世音舉二郎真君同他義兄弟追殺，他變化多端，虧老君拋金鋼琢打重，二郎方得拿住。解赴御前，即命斬之。刀砍斧剁，火燒雷打，俱不能傷，老君奏准領去，以火煆煉。四十九日開鼎，他卻又跳出八卦爐，打退天丁，徑入通明殿裏，靈霄殿外；被佑聖真君的佐使王靈官攩住苦戰，又調三十六員雷將，把他困在垓心，終不能相近。事在緊急，因此，玉帝特請如來救駕。」,王靈官、翊聖真君:道:如來佛祖,1
八戒慌了道：「哥哥，莫是妖精弄法，假捏文殊菩薩，哄了我等，卻又變作和尚，來與我們鬭智哩？」,八戒:道:行者,1
又只見大小群妖，都來跪接。,小妖:跪接:行者,1
那大聖收了如意棒，抖擻神威，將身一縱，站在佛祖手心裏，卻道聲：「我出去也！」,孫悟空:道:如來佛祖,1
那婦人即喚童子：「展抹桌椅，鋪排晚齋，管待三位親家。我領姑夫房裏去也。」,婦人:喚:童子,1
須臾間，三海龍王擁至，問：「大哥，有何事命弟等？」,三海龍王:問:龍王,1
道：「向日有勞，未曾成功；今日之事，望為助力。」,行者:道:龍王,1
三藏拜謝了木叉，頂禮了菩薩。,三藏:拜謝:惠岸,1
唐僧道：「仔細耶！莫要沖撞了人家。」,三藏:道:八戒,1
太宗舉爵，又問曰：「御弟雅號甚稱？」,唐王:問曰:玄奘,1
即寫下牒文一道，差夜叉徑往洪州城隍、土地處投下，要取秀才魂魄來，救他的性命。,龍王:差:夜叉,1
行者道：「不須慮；等我去請菩薩來。」,行者:道:沙僧,1
鎮元子道：「貧道荒山，沒有玉瓢，只有玉茶盞、玉酒杯，可用得麼？」,鎮元大仙:道 :行者,1
只見那石崖之下，有土地、山神、監押大聖的天將，都來拜接了菩薩，引至那大聖面前。,土地:拜接 、 引至:菩薩,1
又問：「師父在那裏？」,沙僧:問:行者,1
問道：「你可受吾戒行麼？」,菩薩:問道:妖王,1
八戒道：「哥呀，似這般小巧俊秀，怎變？」,八戒:道:行者,1
魔王道：「奉承！奉承！」,魔王:道:特處士,1
夫人道：「我昨夜夢見我女兒滿堂嬌來家，莫不是女婿有書信回來也。」,夫人:道:丞相,1
行者大怒道：「不消講了！這個老母，坐定是那個觀世音！他怎麼那等害我！等我上南海打他去！」,孫悟空:大怒道:三藏,-1
這一篇，原來是太子小心，恐怕來傷了唐僧，故意留住妖魔，更不知行者安排著要打。,唐僧:留住:太子,1
三藏道：「你不在本觀中侍奉香火，演習經法，為何在此閑行？」,三藏:道:銀角,1
行者道：「我師父乃忠良正直之僧，豈有偷你甚麼妖物之理？」,行者:道:魔王,1
好大聖，捻著訣，念聲咒語，往巽地上吸一口氣，吹將去，就是一陣狂風，把八戒撮出皇宮內院，躲離了城池，息了風頭，二人落地，徐徐卻走將來。,八戒:拽:皇帝,1
菩薩起手道：「貧僧有願在前，原說果有敬重三寶，見善隨善，皈依我佛，不要錢，願送與他。今見陛下明德止善，敬我佛門，況又高僧有德有行，宣揚大法，理當奉上，決不要錢。貧僧願留下此物告回。」,菩薩:道:唐王,1
三藏道：「多蒙老施主不叱之恩。我一行三眾。」,三藏:道:老者,1
悟空道：「既是我們的家火，你們都搬出外去。」,孫悟空:道:小猴,1
不一時，那玉清元始天尊、上清靈寶天尊、太清道德天尊、五炁真君、五斗星君、三官四聖、九曜真君、左輔、右弼、天王、哪吒，元虛一應靈通，對對旌旗，雙雙幡蓋，都捧著明珠異寶，壽果奇花，向佛前拜獻曰：「感如來無量法力，收伏妖猴。蒙大天尊設宴，呼喚我等皆來陳謝。請如來將此會立一名，如何？」,元始天尊:命:玉帝,1
劉洪正在夢中，聽得火炮一響，金鼓齊鳴，眾兵殺進私衙，劉洪措手不及，早被擒住。,眾兵:擒:眾兵,-1
眾僧道：「爺爺呀，我等不敢遠走；但恐在官人拿住解來，卻又喫打發贖，返又生災。」,眾僧:道:行者,1
菩薩問曰：「你來何幹？」,菩薩:道:孫悟空,1
老怪大喜道：「好孝順的兒子！」,女怪:大喜道:行者,1
八戒道：「哥哥說得有理。你去，你去。若是打敗了這老妖，還趕將這裏來，等老豬截住殺他。」,八戒:道:行者,1
八戒道：「胎裏病，伸不出來。」,八戒:道:銀角,1
行者又哄他道：「不要動腳，此間乃是渤海岸上。若塌了腳，落下去啊，七八日還不得到底哩！」,行者:哄道:精細鬼、伶俐蟲,1
三藏道：「徒弟呀，卻是不能上去。」,三藏:道:行者,1
喊道：「慢來！慢來！吾當不是別人，乃是黃風大王部下的前路先鋒。今奉大王嚴命，在山巡邏，要拿幾個凡夫去做案酒。你是那裏來的和尚，敢擅動兵器傷我？」,猛虎:喊道:八戒,-1
行者道：「這取經的勾當，原是觀音菩薩；及脫解我等，也是觀音菩薩；今日路阻流沙河，不能前進，不是他，怎生處治？等我去請他，還強如和這妖精相鬭。」,行者:道:八戒,1
光蕊令家僮將行李搬上船去，夫妻正齊齊上船，那劉洪睜眼看見殷小姐面如滿月，眼似秋波，櫻桃小口，綠柳蠻腰，真個有沉魚落雁之容，閉月羞花之貌，陡起狼心，遂與李彪設計，將船撐至沒人煙處，候至夜靜三更，先將家僮殺死，次將光蕊打死，把尸首都推在水裏去了。,劉洪、李彪:看見:殷小姐,1
他就捻著訣，念一口「唵」字咒，拘得那花園土地前來，對行者施禮道：「大聖，呼喚小神，有何吩咐？」,土地:施禮道:行者,1
如來道：「這一去，要踏看路道，不許在霄漢中行，須是要半雲半霧；目過山水，謹記程途遠近之數，叮嚀那取經人。但恐善信難行，我與你五件寶貝。」,如來佛祖:道:菩薩,1
木叉道：「不是他是誰？」,木叉:道:妖魔,1
八戒道：「且莫管他，進去！進去！或者這道士有些德行，未可知也。」,八戒:道:行者,1
那個道：「你破人親事如殺父！」,怪:道:行者,-1
那怪攜著行者，一直行到洞裏深遠密閉之處。,老妖:攜著:行者,1
沙僧道：「甚麼上風？」,沙僧:道:行者,1
教：「拿下來！」,太子:教:校尉,1
下邊閃上許敬宗道：「魏丞相言之甚謬。自古云：『潑水難收，人逝不返。』你怎麼還說這等虛言，惑亂人心，是何道理！」,許敬宗:道:魏徵,1
大喝一聲道：「帶那和尚進來！」,妖魔:喝道:小妖,-1
行者道：「獃子，不要者囂。你那口裏『娘』也不知叫了多少，又是甚麼弄不成。快快的應成，帶攜我們喫些喜酒，也是好處。」,行者:道:行者,1
猛聽得一派笙簫細樂，十數個婢妾走下樓來，把光蕊馬頭挽住，迎狀元入相府成婚。,婢妾:迎:光蕊,1
那怪道：「我本是觀世音菩薩勸善，受了他的戒行，這裏持齋把素，教我跟隨那取經人往西天拜佛求經，將功折罪，還得正果。教我等他這幾年，不聞消息。今日既是你與他做了徒弟，何不早說取經之事，只倚兇強，上門打我？」,怪:道:行者,1
那怪撲的跪下，望空似搗碓的一般，只管磕頭道：「阿彌陀佛，南無佛，我若不是真心實意，還教我犯了天條，劈屍萬段！」,怪:磕頭道:行者,1
小妖道：「有個毛臉雷公嘴的和尚，帶一個長嘴大耳的和尚，在門前要甚麼唐僧師父哩。但若牙迸半個『不』字，就要掀翻山場，躧平洞府。」,小妖:道:紅孩兒,1
行者道：「既這等說，我們先去睡也。」,行者:道:三藏,1
眾猴聞說，鼓掌忻然道：「大王是老孫，我們都是二孫、三孫、細孫、小孫、——一家孫、一國孫、一窩孫矣！」,眾猴:道:孫悟空,1
行者叫道：「師父，天亮了，起來罷。」,孫悟空:叫道:三藏,1
醫官道：「皇上脈氣不正，虛而又數，狂言見鬼；又診得十動一代，五臟無氣，恐不諱只在七日之內矣。」,醫官:道:眾官,1
那長老左右躲不脫，好道也受了一拜。,三藏:躲:行者,1
小龍見了道：「菩薩，這是我的對頭。我昨日腹中饑餒，果然喫了他的馬匹。他倚著有些力量，將我鬭得力怯而回；又罵得我閉門不敢出來。他更不曾提著一個『取經』的字樣。」,龍:道:菩薩,1
國王道：「變一個大的罷。」,國王:道:八戒,1
菩薩上前禮畢道：「貧僧領佛旨上東土尋取經人，路遇孽龍懸吊，特來啟奏，饒他性命，賜與貧僧，教他與取經人做個腳力。」,菩薩:禮畢道:玉帝,1
這怪從草科裏爬出，對長老馬前，乒乓的只情磕頭。,銀角:磕頭:三藏,1
國王道：「你既這等樣說了一遍，寡人怕他怎的？宣進來。」,國王:道:三藏,1
那怪物聞言，那裏肯信，舉起火尖鎗就刺。,紅孩兒:刺:行者,-1
行者笑道：「那是唐僧不識人性。有幾個毛賊翦徑，是我將他打死，唐僧就緒緒叨叨，說了我若干的不是。你想老孫，可是受得悶氣的？是我撇了他，欲回本山，故此先來望你一望，求鍾茶喫。」,孫悟空:笑道:龍王,1
道：「哥啊，不說你還好哩；只為說你，他一發無狀！」,八戒:道:行者,1
行者道：「文洗不脫衣服，似這般叉著手，下去打個滾，就起來，不許污壞了衣服，若有一點油膩算輸。武洗要取一張衣架，一條手巾，脫了衣服，跳將下去，任意翻觔斗，豎蜻蜓，當耍子洗也。」,行者:道:國王,1
扶井牆道：「哥哥，馱上來了。」,八戒:道:行者,1
猴王用手扯住樵夫道：「老兄，你便同我去去。若還得了好處，決不忘你指引之恩。」,美猴王:扯:樵子,-1
教：「小的們，快去背我們六匹馬來！且莫背唐僧老爺馬。」,老者:教:僮僕,1
怪物道：「借半盞淨水，臣就教他現了本相。」,老妖:道:國王,1
正戲處，被行者趕上前，也不管他是張家李家的，一把抓著頂搭子，提將過來。,行者:提:孩子,-1
沙僧攙著長老，近前看時，那裏是甚香米飯，卻是一餱子拖尾巴的長蛆；也不是麵觔，卻是幾個青蛙、癩蝦蟆，滿地亂跳。,沙僧:攙:三藏,1
行者聞言，捻訣念聲咒語，叫那護法諸天、六丁六甲、五方揭諦、四值功曹、一十八位護駕伽藍、當坊土地、本境山神道：「老孫至此降妖，妖魔變作我師父，氣體相同，實難辨認。汝等暗中知會者，請師父上殿，讓我擒魔。」,行者:叫道:山神,1
伯欽道：「母親呵，他是唐王駕下，差往西天見佛求經者。適間在嶺頭上遇著孩兒，孩兒念一國之人，請他來家歇馬，明日送他上路。」,伯欽:道:老嫗,1
小妖道：「外面有一個晦氣色臉的和尚，打著前門，罵要人哩。」,小妖:道:鼉龍,1
行者道：「你把釘鈀與我拿著。」,行者:道:怪,1
師徒們排列階前，捧關文遞與國王。,三藏、行者、八戒、沙僧:遞與:國王,1
那仙童推開格子，請唐僧入殿處，只見那壁中間掛著五彩裝成的「天地」二大字，設一張朱紅雕漆的香几，几上有一副黃金爐瓶，爐邊有方便整香。,童子:請:三藏,1
一日，玉帝早朝，班部中閃出許旌陽真人，頫顖啟奏道：「今有齊天大聖，無事閑遊，結交天上眾星宿，不論高低，俱稱朋友。恐後閑中生事，不若與他一件事管，庶免別生事端。」,許旌陽真人:啟奏道:玉皇大帝,1
長老道：「亂談！亂談！樹上又會結出人來？拿過去，不當人子！」,長老:道:清風,1
那東廂閃過徐茂功、魏徵、王珪、杜如晦、房玄齡、袁天罡、李淳風、許敬宗等；西廂閃過殷開山、劉弘基、馬三寶、段志賢、程咬金、秦叔寶、胡敬德、薛仁貴等：一齊上前，在白玉階前，俯伏啟奏道：「陛下前朝一夢，如何許久方覺？」,薛仁貴:啟奏道:唐王,1
行者道：「你說甚麼？」,孫悟空:道:土地、山神,1
行者道：「我不曾同他二人來，——是我師父因老孫慣打妖怪，殺傷甚多，他是個慈悲好善之人，將我逐回，故不曾同他一路行走。你是不知你祖宗姓名。」,行者:道:老妖,1
行者道：「老孫保護唐僧至此，欲拿邪魔，奈何那太子打獵無物，不敢回朝；問汝等討個人情，快將獐𤜱鹿兔，走獸飛禽，各尋些來，打發他回去。」,行者:道:山神、土地,1
沙僧綽了寶杖，徑出松林來找八戒。,沙僧:找:八戒,1
八戒道：「師父，這所在想是公侯之宅，相輔之家。前門外無人，想必都在裏面烘火。你們坐著，讓我進去看看。」,八戒:道:三藏,1
三藏道：「貧僧是東土大唐和尚，奉聖旨，上雷音寺拜佛求經。適至寶方天晚，意投檀府告借一宵，萬祈方便方便。」,三藏:道:老者,1
菩薩道：「你不消送，恐怕誤了你師父性命。」,菩薩:道:行者,1
崔判官隨後保著太宗，徑出幽司。,崔玨:保:唐王 ,1
行者道：「兄弟，你看那壁廂有石崖磷磷，想必是妖精住處了。我等從眾商議：那個管看守行李、馬匹，那個肯跟我過去降妖。」,行者:道:八戒、沙僧,1
河神道：「深感大聖大恩！」,河神:道:行者,1
三藏道：「雖然相貌不終，卻倒會降龍伏虎，捉怪擒妖。」,三藏:道:老者,1
只見那猴早到了三藏的馬前，赤淋淋跪下，道聲「師父，我出來也！」,孫悟空:跪下、道聲:三藏,1
說了誓，將身一縱，把尾子趬了一趬，跳在南天門前，謝了哪吒太子摩旗相助之功。,行者:謝:哪吒,1
豬八戒吊在梁上，聽得他一家子齊哭，忍不住叫道：「妖精，你且莫哭，等老豬講與你聽。先來的孫行者，次來的者行孫，後來的行者孫，返復三字，都是我師兄一人。他有七十二變化，騰那進來，盜了寶貝，裝了令弟。令弟已是死了，不必這等扛喪，快些兒刷淨鍋灶，辦些香蕈、蘑菇、茶芽、竹笋、豆腐、麵觔、木耳、蔬菜，請我師徒們下來，與你令弟念卷『受生經』。」,八戒:道:金角,1
行者道：「我與你都上壇祈雨，知雨是你的，是我的？不見是誰的功績了。」,行者:道:虎力大仙,1
小龍道：「我不曾問你是那裏來的潑魔？你嚷道：『管甚麼那裏不那裏！只還我馬來！』何曾說出半個『唐』字！」,龍:道:孫悟空,1
龍王慌了道：「上仙，切莫動手！切莫動手！待我看舍弟處可有，當送一副。」,東海龍王:道:孫悟空,1
伯欽道：「素物何來？」,伯欽:道:老嫗,1
三藏聞言，點頭笑道：「陛下啊，古人云：『國正天心順。』想必是你不慈恤萬民。既遭荒歉，怎麼就躲離城郭？且去開了倉庫，賑濟黎民；悔過前非，重興今善，放赦了那枉法冤人；自然天心和合，雨順風調。」,三藏:笑道 :皇帝,1
三藏道：「怎麼謂之坐牢？」,三藏:道:八戒,1
又伏侍師父上馬，剖路前進。,行者:伏侍:三藏,1
丞相道：「這和尚是我與你的外孫。女婿陳光蕊被賊謀死，滿堂嬌被賊強占為妻。」,丞相: 道:夫人,1
喜的個唐王朝天禮拜，眾文武跪地焚香。,唐王:禮拜:菩薩,1
又見那大闡都綱陳玄奘法師引眾僧羅拜唐王。,玄奘法、眾僧:羅拜:唐王,1
行者見了，笑道：「造化！造化！老孫也是便益，菩薩也是省力。這怪叫做不打自招，那怪教他今日了劣。」,孫悟空:笑道:菩薩,1
轉過那波月洞，後門之外，叫聲「師父！」,八戒、沙僧:叫:三藏,1
那妖道：「你是也不認得我。我不是那妖魔鬼怪，也不是少姓無名。」,妖精:道:八戒,1
菩薩正與捧珠龍女在寶蓮池畔扶欄看花，聞報，即轉雲巖，開門喚入。,菩薩:喚:行者,1
長老道：「你馬放了？」,三藏:道:八戒,1
伯欽的娘子道：「太保，我今夜夢見公公來家，說他在陰司苦難難脫，日久不得超生。今幸得聖僧念了經卷，消了他的罪業，閻王差人送他上中華富地，長者人家托生去，教我們好生謝那長老，不得怠慢他。說罷，徑出門，徜徉去了。我們叫他不應，留他不住，醒來卻是一夢。」,媳婦:道:伯欽,1
妖魔道：「奈煩哩。放他去便罷，又管他甚麼後門前門哩。」,老妖:道:公主,1
菩薩道：「悟空，你在下面說甚麼？」,菩薩:道:行者,1
他將行李擔送到師父面前道：「師父，那孽龍也不見踪影，只是驚走我的馬了。」,孫悟空:道:三藏,1
話表我佛如來，辭別了玉帝，回至雷音寶剎，但見那三千諸佛、五百阿羅、八大金剛、無邊菩薩，一個個都執著幢幡寶蓋，異寶仙花，擺列在靈山仙境，娑羅雙林之下接迎。,三千諸佛:接迎:如來佛祖,1
三藏又道：「你纔說他本事與你手平。你卻怎生得勝，取我袈裟回來？」,三藏:道:孫悟空,1
悟空見沒奈何，只得拜辭，與眾相別。,孫悟空:拜辭:菩提祖師,1
高老道：「喫還是件小事，他如今又會弄風，雲來霧去，走石飛砂，諕得我一家並左鄰右舍，俱不得安生。又把那翠蘭小女關在後宅子裏，一發半年也不曾見面，更不知死活如何。因此知他是個妖怪，要請個法師與他去退，去退。」,太公:道:三藏,1
婆婆道：「你爹娘怎麼不來？」,婆婆:道:玄奘,1
大聖也收了法象，現出原身近前，怒氣昂昂，厲聲高叫道：「你是那方善士，敢來止住刀兵問我？」,孫悟空:高叫道:如來佛祖,1
那公主纔啟奏道：「多虧孫長老法力無邊，降了黃袍怪，救奴回國。」,公主:奏道:國王,1
八戒舉鈀架住道：「你是個甚麼『哭喪杖』，斷叫你祖宗看杖！」,八戒:架住道:妖精,-1
那判官不敢怠慢，便到司房裏，捧出五六簿文書並十類簿子，逐一查看。,判官:捧出:十代冥王,1
八戒道：「哥呀，你但幹事，便要留根。」,八戒:道:行者,1
木叉對哪吒說：「兄弟，你回去多拜上母親：我事緊急，等送刀來再磕頭罷。」,木叉:說:哪吒,1
那怪聞言，不容分說，輪開一隻簸箕大小的藍靛手，抓住那金枝玉葉的髮萬根，把公主揪上前，捽在地下，執著鋼刀，卻來審沙僧；咄的一聲道：「沙和尚！你兩個輒敢擅打上我們門來，可是這女子有書到他那國，國王教你們來的？」,老妖:道:沙僧,-1
行者道：「像他這般懼怕老孫，潛躲不出，如之奈何？」,孫悟空:道:菩薩,1
來到法堂，小姐復拈心香禮拜，就教法明長老分俵與眾僧去訖。,殷小姐:教:長老,1
菩薩道：「汝來何幹？」,菩薩:道:揭諦,1
虎力也只得去，被幾個劊子手，也綑翻在地，幌一幌，把頭砍下，一腳也踢將去，滾了有三十餘步，他腔子裏也不出血，也叫一聲：「頭來！」,劊子手:砍:虎力大仙,-1
見蕭瑀引著兩個疥癩僧人，立於階下，唐王問曰：「蕭瑀來奏何事？」,唐王:問曰:蕭瑀,1
國王道：「這和尚無禮！敢笑我國中無寶，猜甚麼流丟一口鐘！」,國王:道:三藏,1
老妖大喜道：「是豬八戒與沙僧尋將來也！——噫，他也會尋哩，怎麼就尋到我這門上？既然嘴臉兇頑，卻莫要怠慢了他。」,老妖:大喜道:小妖,1
老翁道：「你們走錯了路。你休尋他，各人顧命去也。」,老者:道:行者,1
童兒道：「但憑師父處治，只要我們贏他便了。若是再輸與他，不但低了聲名，又恐朝廷不敬重了。」,童兒:道:行者,1
行者道：「怎麼樣賭？」,行者:道:精細鬼、伶俐蟲,1
鱖婆聞說，打了一個寒噤道：「大王啊！虧了你識俊，逃了性命！若再三合，決然不得全生！那和尚我認得他。」,鱖婆:道:怪物,1
行者笑道：「虧你！虧你！老孫變做蚊蟲兒，進他洞去探看師父，原來師父被他綁在定風樁上哭哩。是老孫吩咐，教他莫哭，又飛在屋樑上聽了一聽。只見那拿令字旗的，喘噓噓的，走進去報道：只是被你趕他，卻不見我。老妖亂猜亂說，說老孫是風吹殺了，又說是請神兵去了。他卻自家供出一個人來，甚妙！甚妙！」,行者:笑道:八戒,1
行者笑道：「潑物！不須講口！但說比勢，正合老孫之意思。走上來，喫吾一棒！」,行者:笑道:魔王,1
即開口叫道：「孩兒們，我來了也！」,孫悟空:叫道:眾猴,1
金星奏道：「臣領聖旨，已宣妖仙到了。」,太白金星:奏道:玉皇大帝,1
特處士道：「寅將軍丰姿勝常，真可喜！真可喜！」,特處士:道:熊山君,1
遂把八戒吊在東廊，沙僧吊在西邊，唐僧吊在中間，白馬送在槽上，行李收將進去。,小妖:送:白馬,-1
行者道：「又沒個篙、槳、篷、桅，怎生得過？」,行者:道:菩薩,1
太公罵道：「你那個蠻皮畜生，怎麼不去尋人，又回來做甚？」,太公:罵道:高才,-1
慌得那推雲童子、佈霧郎君當面施禮。,推雲童子、佈霧郎:施禮:行者,1
行者道：「平頂山蓮花洞，蒙二位大王有令，差來請奶奶去喫唐僧肉；教帶幌金繩，要拿孫行者哩。」,行者:道:女怪,1
那怪看得眼咤，小龍丟了花字，望妖精劈一刀來。,小龍王:劈:老妖,-1
沙僧道：「哥啊，知道是甚緣故，我們且去來。」,沙僧:道:八戒,1
行者下來，與三藏、八戒、沙僧立在殿前，見那道士在滾油鍋裏打掙，爬不出來。,八戒:見:羊力大仙,1
伯欽道：「同鄉之人，何勞致謝。」,伯欽:道:三藏,1
劉洪道：「這些小事，何不早說？」,劉洪:道:殷小姐,1
那山神、土地纔怕道：「委實不知，不知。只聽得那魔頭念起遣山咒法，我們就把山移將來了。誰曉得是孫大聖？」,山神、土地:道:揭諦,1
國王道：「你沖撞了國師，國師之言，豈有差謬！」,國王:道:行者,1
有兩個徒孫，是他心愛之人，上前問道：「師公，你哭怎的？」,徒孫:問道:眾僧,1
行者道：「我的觔斗，好道也是駕雲，只是去的有遠近些兒。你是馱不動，我卻如何馱得動？自古道：『遣泰山輕如芥子，攜凡夫難脫紅塵。』像這潑魔毒怪，使攝法，弄風頭，卻是扯扯拉拉，就地而行，不能帶得空中而去；像那樣法兒，老孫也會使會弄；還有那隱身法、縮地法，老孫件件皆知。但只是師父要窮歷異邦，不能彀超脫苦海，所以寸步難行也。我和你只做得個擁護，保得他身在命在，替不得這些苦惱，也取不得經來；就是有能先去見了佛，那佛也不肯把經善與你我；正叫做『若將容易得，便作等閑看。』」,行者:道:八戒,1
六健將道：「認得。」,六怪:道:紅孩兒,1
那女子見唐僧不肯喫，卻又滿面春生道：「師父啊，我父母齋僧，還是小可；我丈夫更是個善人，一生好的是修橋補路，愛老憐貧。但聽見說這飯送與師父喫了，他與我夫妻情上，比尋常更是不同。」,妖精:道 :三藏,1
對龍王笑道：「多謝賢鄰厚意。」,孫悟空:笑道:東海龍王,1
大仙道：「不爭競，我肯善自饒你！」,鎮元大仙:道:行者,1
話說陳家莊眾信人等，將豬羊牲醴與行者、八戒，喧喧嚷嚷，直抬至靈感廟裏排下。,眾人:抬:行者,1
妖王道：「緊關了門！莫睬他！」,妖王:道:小妖,1
八戒道：「此間又不藏風，又不避冷，若依老豬，只該順著路，往西且行。師兄化了齋，駕了雲，必然來快，讓他趕來。如有齋，喫了再起。如今坐了這一會，老大腳冷！」,八戒:道:三藏,1
你看他端葫蘆，慇懃奉侍。,行者:奉侍:銀角,1
那菩薩到山腳下，有玉真觀金頂大仙在觀門首接住，請菩薩獻茶。,金頂大仙:請:菩薩,1
二魔道：「是我拿了，鎖在洞中。你今既來，必要索戰；我也不與你交兵，我且叫你一聲，你敢應我麼？」,銀角:道:行者,1
行者叫：「小的們，選大棍來！先打二十個見面孤拐，再打二十個背花，然後等我使鐵棒與他送行！」,行者:叫:八戒,1
十王道：「上仙息怒。普天下同名同姓者多，敢是那勾死人錯走了也？」,十代冥王:道:孫悟空,1
如來罵道：「我把你這個尿精猴子！你正好不曾離了我掌哩！」,如來佛祖:罵道:孫悟空,-1
行者笑道：「真造化了！真造化了！烘焦了的尚能醫活，況此推倒的，有何難哉！」,行者:笑道:菩薩,1
三藏道：「正是呀；倘或他在那裏貪著喫齋，我們那裏會他？天色晚了，此間不是個住處，須要尋個下處方好哩。」,三藏:道:沙僧,1
罵道：「你這猴了，十分無禮！害我兄弟，傷我手足，著然可恨！」,金角:罵道:行者,-1
行者道：「只管寬心。」,孫悟空:道:三藏,1
行者道：「來到時，我先報知，你把那匣蓋兒扯開些，等我變作二寸長的一個小和尚，放在匣兒裏，你連我捧在手中。那太子進了寺來，必然拜佛；你儘他怎的下拜，只是不睬他。他見你不動身，一定教拿你；你憑他拿下去，——打也由他，綁也由他，殺也由他。」,行者:道:三藏,1
八戒道：「哥哥，你看這擔行李多重？」,八戒:道:行者,1
妖邪道：「這不是打銀之鎚。你看：九瓣攢成花骨朵，一竿虛孔萬年青。原來不比凡間物，出處還從仙苑名。綠房紫菂瑤池老，素質清香碧沼生。因我用功摶鍊過，堅如鋼銳徹通靈。鎗刀劍戟渾難賽，鉞斧戈矛莫敢經。縱讓他鈀能利刃，湯著吾鎚迸折釘！」,怪物:道:八戒,1
又問：「那和尚，九環杖有甚好處？」,唐王:問:菩薩,1
小姐問道：「你母姓甚？」,殷小姐:問道:玄奘,1
菩薩道：「徒弟呀，此處卻是難行。取經人濁骨凡胎，如何得渡？」,菩薩:道:惠岸行者,1
小妖回報道：「大王，是走路的。」,小妖:報道:金角、銀角,1
念了咒語，將一口水望唐僧噴去，叫聲「變！」,老妖:叫:三藏,-1
悟空道：「來得好！來得好！想是前番來的那太白金星。那次請我上界，雖是官爵不堪，卻也天上走了一次，認得那天門內外之路。今番又來，定有好意。」,孫悟空:道:眾妖,1
八戒道：「不要去，妖精不在家。」,八戒:道:行者,1
老君喝道：「去！去！去！」,太上老君:喝道:行者,-1
行者笑道：「我兒啊，你弄重身法壓我老爺哩！」,行者:笑道:妖精,1
祖師道：「流字門中，乃是儒家、釋家、道家、陰陽家、墨家、醫家，或看經，或念佛，並朝真降聖之類。」,菩提祖師:道:孫悟空,1
八戒上前扯住長老道：「師父，莫聽亂講，誤了睡覺。這月啊：缺之不久又團圓，似我生來不十全。喫飯嫌我肚子大，拿碗又說有黏涎。他都伶俐修來福，我自痴愚積下緣。我說你取經還滿三塗業，擺尾搖頭直上天！」,八戒:扯住道:三藏,1
那獃子舉著鈀，上前高叫：「開門！開門！」,八戒:高叫:小妖,-1
行者領命。,行者:領命:菩薩,1
眾僧亦無不歡悅道：「好了！好了！我等性命，今日方纔得全了。」,眾僧:道:三藏,1
眾僧們莫解其意，合掌請問道：「法師指心點頭者，何也？」,眾僧:問道:三藏,1
那老者道：「你想必有些手段。」,老者:道:行者,1
三藏聞言，認了真實，就教八戒解放繩索，救他下來。,三藏:教:八戒,1
只見方丈果然無火，眾僧搶入裏面，叫道：「公公！唐僧乃是神人，未曾燒死，如今反害了自己家當！趁早拿出袈裟，還他去也。」,眾僧:叫道:方丈,1
八戒道：「哥哥又弄虛頭了。這裏麻繩噴水，緊緊的綁著，還比關在殿上，被你使解鎖法搠開門走哩！」,八戒:道:行者,1
三藏見他發怒，只得者者謙謙，叫道：「悟空，你在這裏罷。」,三藏:叫道:行者,1
他睡倒在地，罵道：「這個亡人！你不去妨家長，卻來咬老孫！」,孫悟空:罵道:細犬,-1
又看見行者，道：「這個主子，是他的幫手，好不利害！我不去了。」,行者:道:悟淨,1
金角道：「你不知。近聞得東土唐朝差個御弟唐僧往西方拜佛，一行四眾，叫做孫行者、豬八戒、沙和尚、連馬五口。你看他在那處，與我把他拿來。」,金角:道:銀角,1
這大聖不由分說，舉棒就打。,孫悟空:打:王靈官,-1
敖廣即率龍子、龍孫、蝦兵、蟹卒一齊出門迎接，請裏面坐。,敖廣、龍子、龍孫、蝦兵、蟹卒:迎接:行者,1
行者道：「為何來？」,行者:道:眾僧,1
八戒道：「正是要下去，只是沒繩索。」,八戒:道:行者,1
行者道：「師父，出家人莫說在家話。你記得那烏巢和尚的心經云『心無罣礙；無罣礙，方無恐怖，遠離顛倒夢想』之言？但只是『掃除心上垢，洗淨耳邊塵。不受苦中苦，難為人上人。』你莫生憂慮，但有老孫，就是塌下天來，可保無事。怕甚麼虎狼！」,行者:道:三藏,1
行者欣然相別。,行者:別了:摩昂,1
行者見說得有理，真個不敢動身，只得回心，跪下哀告道：「師父！這是他奈何我的法兒，教我隨你西去。我也不去惹他，你也莫當常言，只管念誦。我願保你，再無退悔之意了。」,孫悟空:跪下哀告道:三藏,1
三藏著衣，教行者收拾鋪蓋行李。,三藏:教:孫悟空,1
二郎圓睜鳳目觀看，見大聖變了麻雀兒，釘在樹上，就收了法象，撇了神鋒，卸下彈弓，搖身一變，變作個雀鷹兒，抖開翅，飛將去撲打。,二郎真君:見:孫悟空,1
一個小妖就伸頭望門外一看，看見是個光頭的長老，連忙跑將進去，報道：「大王，外面是個和尚哩。團頭大面，兩耳垂肩；嫩刮刮的一身肉，細嬌嬌的一張皮；且是好個和尚！」,小妖:報道:妖魔,1
判官令太尉搖動魂旛，領太宗出離了枉死城中，奔上平陽大路，飄飄蕩蕩而去。,崔玨:領:唐王,1
太宗前行，徑入森羅殿上，與十王禮畢，分賓主坐定。,唐王 :禮畢:十代閻王,1
二魔拿入裏面道：「哥哥，拿來了。」,銀角:道:金角,1
菩薩卻與木叉，辭了悟能，半興雲霧前來。,菩薩:辭了:豬悟能,1
須臾抬出，放在白玉階前，教僧道：「你兩家各賭法力，猜那櫃中是何寶貝。」,教僧:道:三藏、鹿力大仙,1
國王道：「這和尚是有鬼神輔佐！怎麼道士入櫃，就變做和尚？縱有待詔跟進去，也只剃得頭便了，如何衣服也能趁體，口裏又會念佛？——國師啊！讓他去罷！」,國王:道:虎力大仙,1
行者聽見道：「和尚，沒處搬，便著一個出來打樣棍！」,行者:道:僧官,1
行者見三個老道士，披了法衣，想是那虎力、鹿力、羊力大仙。,行者:見:虎力、鹿力、羊力大仙,1
三藏道：「陛下，那怪倒有些神通，變作你的模樣，侵佔你的乾坤，文武不能識，后妃不能曉，只有你死的明白；你何不在陰司閻王處具告？把你的屈情伸訴，伸訴。」,三藏:道:皇帝,1
回奏道：「攪亂天宮者，乃齊天大聖也。」,糾察靈官:奏道:玉帝,1
原來是秦叔寶、徐茂功等，將著一個血淋淋的龍頭，擲在帝前，啟奏道：「陛下，海淺河枯曾有見，這般異事卻無聞。」,徐茂功:啟奏道:唐王,1
獅𤝛王道：「我稱移山大聖。」,獅𤝛王:道:孫悟空,1
叫：「老高，你還好生管待我師父，我去也。」,行者:叫:太公,1
行者道：「不瞞大哥說，我們是東土差來西天取經的。那馬上是我的師父。他有些膽小。適蒙見教，說有甚麼毒魔狠怪，故此我來奉問一聲：那魔是幾年之魔，怪是幾年之怪？還是個把勢，還是個雛兒？煩大哥老實說說，我好著山神、土地遞解他起身。」,行者:道:樵子,1
三藏道：「老施主見得最是。但我還有三個小徒，逢山開路，遇水疊橋，保護貧僧，方得到此。」,三藏:道:老者,1
太子謹遵教命。,太子:謹遵教命:行者,1
悟空道：「我也頭圓頂天，足方履地，一般有九竅四肢，五臟六腑，何以比人不同？」,孫悟空:道:菩提祖師,1
那老者跌腳搥胸，哏了一聲道：「老爺啊！雖則恩多還有怨，縱然慈惠卻傷人。只因要喫童男女，不是昭彰正直神。」,老者:道:行者,1
那妖亦推一粒，遞與菩薩道：「願與凌虛子同之。」,黑漢:道:菩薩,1
國王大驚道：「此三事都是尋死之路！」,國王:大驚道:虎力大仙,1
菩薩現相，問妖取了佛衣。,菩薩:道:黑漢,1
菩薩上前，把那小龍的項下明珠摘了，將楊柳枝蘸出甘露，往他身上拂了一拂，吹口仙氣，喝聲叫「變！」,菩薩:拂了一拂:龍,1
沙僧道：「師父，觀此景鮮明，觀裏必有好人居住。我們進去看看，若行滿東回，此間也是一景。」,沙僧:道:三藏,1
僧官上前，吩咐大眾：「伏侍老爺安置了再回。」,僧官:吩咐道:三藏,1
哪吒道：「自混沌初分，以輕清為天，重濁為地。天是一團清氣而扶托瑤天宮闕，以理論之，其實難裝；但只孫行者保唐僧西去取經，誠所謂泰山之福緣，海深之善慶，今日當助他成功。」,哪吒:道:玉帝,1
行者道：「菩薩，這是你坐下的一個青毛獅子，卻怎麼走將來成精，你就不收服他？」,行者:道:文殊菩薩,1
行者道：「果是外方來的，其實不知你這裏有甚利害。」,行者:道:眾僧,1
摩昂道：「大聖寬心，小龍子將他拿上來先見了大聖，懲治了他罪名，把師父送上來，纔敢帶回海內，見我家父。」,摩昂:道:行者,1
天王道：「許久不面，請到宮少坐一時，何如？」,天王:道:孫悟空,1
那些天丁天將，都拱手相迎。,天丁天將:拱手相迎:孫悟空,1
行者道：「我有一個叔父，自幼出家，削髮為僧。向日年程饑饉，也來外面求乞。這幾年不見回家，我念祖上之恩，特來順便尋訪。想必是羈遲在此等地方，不能脫身，未可知也。我怎的尋著他，見一面，纔可與你進城。」,行者:道:道士,1
他便正色叫道：「行者孫，你那葫蘆是那裏來的？」,銀角:叫道:行者,1
大仙道：「不消講，陛下自然知之。」,虎力大仙:道:行者,1
菩薩道：「我受了如來法令，在此鎮押黃風怪。如來賜了我一顆『定風丹』，一柄『飛龍寶杖』。當時被我拿住，饒了他的性命，放他去隱姓歸山，不許傷生造孽，不知他今日欲害令師。有違教令，我之罪也。」,菩薩:道:行者,1
大聖聞言，回嗔作喜道：「仙娥請起。王母開閣設宴，請的是誰？」,孫悟空:道:七衣仙女,1
祖師道：「不能！不能！」,菩提祖師:道:孫悟空,1
二魔道：「拿我的『紫金紅葫蘆』，你的『羊脂玉淨瓶』。」,銀角:道:金角,1
八戒道：「說得是；我老豬也有些餓了，且到人家化些齋喫，有力氣，好挑行李。」,八戒:道:三藏,1
八戒道：「嘴臉！常言道：『齋僧不飽，不如活埋』哩。」,八戒:道:行者,1
即教媽媽取針線來，遞與行者。,老者:教:媽媽,1
行者上前觀看，只見白龍馬，戰兢兢發喊聲嘶；行李擔，丟在路下；八戒伏於崖下呻吟，沙僧蹲在坡前叫喚。,行者:見:沙僧,1
沙僧果舉降妖杖出來，喝一聲，撞將出去，打退群妖。,沙和尚:打退:眾妖兵,-1
悟空弄本事，將身一聳，打了個連扯跟頭，跳離地有五六丈，踏雲霞去勾有頓飯之時，返復不上三里遠近，落在面前，扠手道：「師父，這就是飛舉騰雲了。」,孫悟空:道:菩提祖師,1
眾神遵令。,眾神:遵令:孫悟空,1
紅孩兒當面跪下，朝上叩頭道：「父王，孩兒拜揖。」,紅孩兒:道:紅孩兒,1
茶罷，問悟空道：「大聖啊，你也有年紀了？」,老者:問道:孫悟空,1
八戒道：「哥啊，不要說打，打就是以力欺人。我曉得你的尊性高傲，你是定不肯挑；但師父騎的馬，那般高大肥盛，只馱著老和尚一個，教他帶幾件兒，也是弟兄之情。」,八戒:道:行者,1
行者聞言，捻訣念聲咒語，叫那護法諸天、六丁六甲、五方揭諦、四值功曹、一十八位護駕伽藍、當坊土地、本境山神道：「老孫至此降妖，妖魔變作我師父，氣體相同，實難辨認。汝等暗中知會者，請師父上殿，讓我擒魔。」,行者:叫道:六丁六甲,1
行者道：「你還不曾經著哩。若是先喫頭，一口將他咬下，我已死了，憑他怎麼煎炒熬煮，我也不知疼痛。若是先喫腳，他啃了孤拐，嚼了腿亭，喫到腰截骨，我還急忙不死，卻不是零零碎碎受苦？此所以難為也。」,行者:道:樵子,1
猴王道：「教他進來。」,孫悟空:道:人,1
那行者領著龍兵，不多時，早到號山枯松澗上。,行者:領:龍兵,1
太宗見了頌子，即命眾僧：「且收勝會，待我差人取得『大乘經』來，再秉丹誠，重善修果。」,唐王:命:眾僧,1
你思量，那猴子好不溜撒，把那寶貝一口吸在肚裏，那妖魔揝著拳頭就打，被行者一手隔住，把臉抹了一抹，現出本相，道聲「妖怪！不要無禮！你且認認看！我是誰？」,行者:隔住:老妖,-1
行者與沙僧、八戒急起身，穿了衣服，侍立左右道：「上告師父。這國君信著那些道士，興道滅僧，恐言語差錯，不肯倒換關文；我等護持師父，都進朝去也。」,侍立:道:三藏,1
沙僧道：「是一股水攩住也。」,沙僧 :道:八戒,1
大聖見了，笑嘻嘻的，將金箍棒掣起，高叫道：「你是何方小將，輒敢大膽到此挑戰？」,孫悟空:高叫道:二郎真君,1
行者道：「也罷，起來說。」,行者:道:八戒,1
他生的玉面長髯，鋼眉刀耳；頭戴金煉盔，身穿鎖子甲，手執方天戟，高聲罵道：「我把你個大膽的潑猴！怎敢這等欺人！偷了寶貝，傷了眷族，殺了妖兵，又敢久占洞府！趕早兒一個個引頸受死，雪我姐家之仇！」,狐阿七大王:罵道:行者,-1
沙僧也到岸邊道：「來了！來了！」,沙僧:道:行者,1
菩薩放蓮花罩定妖魔，坐在背上，踏祥光辭了行者。,文殊菩薩:罩定:魔王,-1
原來是秦叔寶、徐茂功等，將著一個血淋淋的龍頭，擲在帝前，啟奏道：「陛下，海淺河枯曾有見，這般異事卻無聞。」,秦叔寶:啟奏道:唐王,1
三藏進前一步，合掌問道：「殿下，為人生在天地之間，能有幾恩？」,三藏:問道:太子,1
玉帝聞言，即傳旨：「著兩路神元，各歸本職，朕遣天兵，擒拿此怪。」,玉皇大帝:傳旨:增長天王、眾天丁,1
說罷，套上衣服，開了門，往外就走；被行者一把扯住，將自己臉上抹了一抹，現出原身。,行者:扯:怪,-1
太公見說，戰兢兢的，只得強打精神，叫聲「請進。」,太公:叫道:太公,1
一言未已，班中閃出千里眼、順風耳道：「這猴乃三百年前天產石猴。當時不以為然，不知這幾年在何方修煉成仙，降龍伏虎，強銷死籍也。」,千里眼:道:玉皇大帝,1
二老道：「頗有些兒，水田有四五十頃，旱田有六七十頃，草場有八九十處；水黃牛有二三百頭，驢馬有三二十匹，豬羊雞鵝無數。舍下也有喫不著的陳糧，穿不了的衣服。家財產業，也儘得數。」,老者:道:行者,1
這大聖觀看不盡，拽開步徑至門前，厲聲高叫道：「那小妖，你快進去與你那洞主說，我本是唐朝聖僧徒弟齊天大聖孫悟空。快教他送我師父出來，免教你等喪了性命！」,行者:高叫道:小妖,1
行者道：「我上普陀巖拜問菩薩，看這妖怪是那裏出身，姓甚名誰。尋著他的祖居，拿了他的家屬，捉了他的四鄰，卻來此擒怪救師。」,行者:道:八戒,1
那魔十分兇猛，使口寶劍，流星的解數滾來，把個沙僧戰得軟弱難搪，回頭要走；早被他逼住寶杖，輪開大手，攔住沙僧，挾在左脇下，將右手去馬上拿了三藏，腳尖兒鉤著行李，張開口，咬著馬鬃，使起攝法，把他們一陣風，都拿到蓮花洞裏。,銀角:咬:白馬,-1
八戒道：「哥哥不必遲疑，讓你先去拿他，等老豬看守師父。」,八戒:道:行者,1
行者就於袖中取出葫蘆道：「潑魔，你看！」,行者:道:銀角,1
行者笑道：「偷喫了能值甚麼？」,行者:笑道:壽星、福星、祿星,1
沙僧道：「人參果。」,沙僧:道:八戒,1
又將某人是某名字，一一說了。,金角:說:銀角,1
悟淨道：「弟子向蒙菩薩教化，指河為姓，與我起個法名，喚做沙悟淨，豈有不從師父之理！」,悟淨:的:三藏,1
八戒道：「他這裏有。那童子拿兩個與師父喫，那老和尚不認得，道是三朝未滿的孩兒，不曾敢喫。那童子老大憊懶，師父既不喫，便該讓我們，他就瞞著我們，才自在這隔壁房裏，一家一個，嘓啅嘓啅的喫了出去，就急得我口裏水泱。——怎麼得一個兒嘗新？我想你有些溜撒，去他那園子裏偷幾個來嘗嘗，如何？」,八戒:道:行者,1
他兩個辭了君主，徑來均州城裏，見舊家業兒女俱好，兩口兒宣揚善果不題。,劉全、玉英宮主:辭:唐王,1
那判官慌忙捧筆，飽掭濃墨。,判官:捧筆:孫悟空,1
行者罵道：「你這討死的怪物！你一個妖精的性命捨不得，似我師父、師弟、連馬四個生靈，平白的吊在洞裏，我心何忍！情理何甘！快快的送將出來還我，多多貼些盤費，喜喜歡歡打發老孫起身，還饒了你這個老妖的狗命！」,行者:罵道:金角,-1
嚶的一翅飛將去，趕上八戒，釘在他耳朵後面鬃根底下。,行者:釘:八戒,1
李天王與哪吒叩頭謝辭，徑至本宮，點起三軍，帥眾頭目，著巨靈神為先鋒，魚肚將掠後，藥叉將催兵。,托塔天王、哪吒:叩頭謝辭:玉皇大帝,1
眾道：「沒有品從。」,眾監官:道:孫悟空,1
二魔見哥哥恭敬，怎敢不接，但一隻手托著葫蘆，一隻手不敢去接，卻把葫蘆遞與倚海龍，雙手去接杯，不知那倚海龍是孫行者變的。,銀角:遞與:行者,1
你看他揝著鐵棒，扯著高老道：「你引我去後宅子裏，妖精的住處看看。」,行者:扯著道:太公,-1
行者再拜稱謝道：「多蒙公公指教。我豈有不尋之理！」,行者:謝道:老者,1
那眾僧見了，一個個戰兢兢的，上前跪下勸解，三藏纔合口不念。,眾僧:跪下:三藏,1
教：「八戒，你抱著一頭兒，把你放下井去。」,行者:教:八戒,1
行者道：「不是誇口說，那怕他三股的麻繩噴上了水，——就是碗粗的棕纜，也只好當秋風！」,行者:道:八戒,1
祖師道：「既無父母，想是樹上生的？」,菩提祖師:道:美猴王,1
行者躬身道：「我們是東土大唐聖僧的徒弟。因往西方拜佛求經，路過此山，被黃風大王拿了我師父去了，我們還未曾救得。天色已晚，特來府上告借一宵，萬望方便方便。」,行者:躬身道:老者,1
八戒道：「也不濟。老豬見他撑持不住，卻來助你一鈀，不期他不識耍，就敗下陣來，沒天理，就放火了。」,八戒:道:行者,1
行者道：「你那裏知道。若是那山那洞的魔王設宴，邀請那諸山各洞之精赴會，卻就有東西南北四路的精靈都來赴會；故此他只有心赴會，無意傷人。此乃過路之妖精也。」,行者:道:八戒,1
那魔王見孫悟空棒法齊整，一往一來，全無些破綻，喜得他連聲喝采道：「好猴兒！好猴兒！真個是那鬧天宮的本事！」,魔王:喝采道:行者,1
纔出門，只見那妖魔提著寶劍，拿著扇子，從南而來。,行者:見:金角,1
那怪道：「我這兩件寶貝，每一個可裝千人哩。」,伶俐蟲:道:行者,1
那怪道：「你是那寺裏和尚？你的袈裟在那裏失落了，敢來我這裏索取？」,黑風王:道:孫悟空,1
三藏道：「不知端的可是他喫了我馬？」,三藏:道:孫悟空,1
伯欽道：「不知真假何如！」,伯欽:道:三藏,1
行者笑道：「老官兒，憑你怎麼打，只要記得杖數明白。一杖一升米，慢慢量來。」,行者:笑道:老者,1
次日天曉，行者去背馬，八戒去整擔，老王又教媽媽整治些點心湯水管待，三眾方致謝告行。,老王:教:媽媽,1
行者道：「你與他做了十三年夫妻，豈無情意？我若見了他，不與他兒戲，一棍便是一棍，一拳便是一拳，須要打倒他，纔得你回朝見駕。」,行者:道:公主,1
又教拿出漆來。,鎮元大仙:教:小仙,1
唐僧正要念咒，行者急到馬前，叫道：「師父，莫念！莫念！你且來看看他的模樣。」,行者:叫道:三藏,1
那魔道：「既有，拿出來我看。」,銀角:道:行者,1
眾神大驚道：「剛纔大聖已吩咐，恕我等之罪，怎麼出來就變了言語要打？」,山神、土地與五方揭諦神眾:大驚道:行者,1
對君臣僧俗人說道：「這些和尚，實是老孫放了。車輛是老孫運轉雙關，穿夾脊，捽碎了。那兩個妖道也是老孫打死了。今日滅了妖邪，方知是禪門有道。向後來，再不可胡為亂信。望你把三教歸一：也敬僧，也敬道，也養育人才。我保你江山永固。」,行者:說道:國王、文武官、和尚,1
倚海龍用手指道：「烏林子裏就是。」,倚海龍:道:行者,1
那妖魔見他下問，越弄虛頭，眼中噙淚，叫道：「師父呀，山西去有一條枯松澗。澗那邊有一莊村。我是那裏人家。我祖公公姓紅，只因廣積金銀，家私巨萬，混名喚做紅百萬。年老歸世已久，家產遺與我父。近來人事奢侈，家私漸廢，改名喚做紅十萬，專一結交四路豪傑，將金銀借放，希圖利息。怎知那無籍之人，設騙了去啊，本利無歸。我父發了洪誓，分文不借。那借金銀人，身貧無計，結成兇黨，明火執杖，白日殺上我門，將我財帛盡情劫擄；把我父親殺了；見我母親有些顏色，拐將去做甚麼壓寨夫人。那時節，我母親捨不得我，把我抱在懷裏，哭哀哀，戰兢兢，跟隨賊寇；不期到此山中，又要殺我，多虧母親哀告，免教我刀下身亡，卻將繩子吊我在樹上，只教凍餓而死。那些賊將我母親不知掠往那裏去了。我在此已吊三日三夜，更沒一個人來行走。不知那世裏修積，今生得遇老師父。若肯捨大慈悲，救我一命回家，就典身賣命，也酬謝師恩。致使黃沙蓋面，更不敢忘也。」,妖精:叫道:三藏,1
獃子去了，沙僧將酒亦一飲而乾，道：「師父！那黃袍怪拿住你時，我兩個與他交戰，只戰個手平。今二哥獨去，恐戰不過他。」,八戒:道:三藏,1
諸菩薩聞言，合掌皈依。,諸菩薩:合掌皈依:如來佛祖,1
正行時，見一個巡海夜叉相撞，看見是孫大聖，急回到水晶宮裏，報知那老龍王。,巡海夜叉:看見:行者,1
大聖側身躲過，舉棒對面相還。,行者:舉棒相還:老妖,-1
行者道：「豈有此理！」,行者:道:八戒,1
三藏見品物豐盛，再四不安道：「既蒙見留，只可以家常相待。」,三藏:道:老者,1
爬起來，扯住行者道：「哥哥，好大風啊！」,八戒:扯住道:行者,1
好行者，左手挾了沙僧，右手挾了八戒，闖出門，駕著雲光，徑轉智淵寺方丈。,行者:挾了:八戒,1
三藏聞言道：「女菩薩，你語言差了。聖經云：『父母在，不遠遊；遊必有方。』你既有父母在堂，又與你招了女婿，——有願心，教你男子還，便也罷，怎麼自家在山行走？又沒個侍兒隨從。這個是不遵婦道了。」,三藏:道:妖精,1
道：「你怎麼有話不來直說，卻那般變化了，演樣老孫？」,行者:道:日值功曹,1
悟空聞說，毛骨悚然，叩頭禮拜道：「萬望老爺垂憫；傳與躲避三災之法，到底不敢忘恩。」,孫悟空:叩頭禮拜道:菩提祖師,1
行者正然偷看處，忽聽後門內有腳步之聲，走出一個半老不老的婦人來，嬌聲問道：「是甚麼人。擅入我寡婦之門？」,婦人:問道:行者,1
猴王發怒，抓過他來，往那路旁邊賴石頭上滑辣的一摜，將屍骸摜得像個肉餅一般。,行者:抓過:妖精,-1
行者道：「你正是個不孝之人。蓋『父兮生我，母兮鞠我。哀哀父母，生我劬勞！』故孝者，百行之原，萬善之本，卻怎麼將身陪伴妖精，更不思念父母？非得不孝之罪，如何？」,行者:道:公主,1
行者吩咐山神、土地守護師父，日值功曹去尋齋供，他又去澗邊巡遶不題。,孫悟空:吩咐:山神、土地,1
三藏道：「悄言！悄言！他的性急，若聽見你說是甚麼東西，他就惱了。——他是我的徒弟。」,三藏:道:和尚,1
卻又在袖兒裏一個個搬出，將唐僧綁在階下矮槐樹上；八戒、沙僧各綁在兩邊樹上；將行者綑倒，行者道：「想是調問哩。」,鎮元大仙:綁:八戒,-1
那和尚道：「爺爺呀，這等兇漢也喫素！」,和尚:道:行者,1
天王大驚失色道：「這廝恁的神通，如何取勝？」,托塔天王:大驚失色道:哪吒,1
三藏道：「我貧僧是唐朝來的，往西天拜佛求經。適路過此間，天晚，特造潭府借宿一宵，明早不犯天光就行。萬望方便一二。」,三藏:道:老者,1
行者罵道：「你這獃孽畜，攛道師父咒我哩！」,行者:罵道:八戒,-1
那怪叩頭不住道：「大聖，小鼉不知大聖大名。卻纔逆了表兄，騁強背理，被表兄把我拿住。今見大聖，幸蒙大聖不殺之恩，感謝不盡。你師父還綑在那水府之間，望大聖解了我的鐵索，放了我手，等我到河中送他出來。」,鼉怪:叩頭道:行者、沙僧,1
二老十分歡喜，即命打掃廂房，安排床鋪，請他師徒就寢不題。,老者:請:三藏、行者、八戒、沙僧,1
那禪師笑云：「道路不難行，試聽我吩咐：千山千水深，多瘴多魔處。若遇接天崖，放心休恐怖。行來摩耳巖，側著腳踪步。仔細黑松林，妖狐多截路。精靈滿國城，魔主盈山住。老虎坐琴堂，蒼狼為主簿。獅象盡稱王，虎豹皆作御。野豬挑擔子，水怪前頭遇。多年老石猴，那裏懷嗔怒。你問那相識，他知西去路。」,禪師:笑云:三藏,1
小妖道：「我們去捉他來。」,小妖:道:妖魔,1
唐僧道：「你雖試得深淺，卻不知有多少寬濶。」,三藏:道:八戒,1
行者道：「你既是好人家兒女，怎麼這等骨頭輕？」,行者:道:妖精,1
虎力大仙道：「說的是。」,虎力大仙:道:羊力大仙,1
鼉怪見了，徑至那營門前，厲聲高叫：「大表兄，小弟在此拱候，有請。」,鼉怪:厲聲高叫:螺螺,1
老君道：「這猴子胡說！甚麼一千丸，二千丸！當飯喫哩！是那裏土塊捘的，這等容易？——咄！快去！沒有！」,太上老君:笑道:行者,1
猴王笑道：「好！好！好！自今就叫做孫悟空也！」,美猴王:笑道:菩提祖師,1
只見那班部中，忽跳出一個通背猿猴，厲聲高叫道：「大王若是這般遠慮；真所謂道心開發也！如今五蟲之內，惟有三等名色，不伏閻王老子所管。」,通背猿猴:叫道:美猴王,1
眾猴道：「大王姓甚？」,眾猴:道:孫悟空,1
行者道：「正是！正是！這叫做『裏迎外合』，方可濟事。」,行者:道:八戒,1
行者道：「正是，正是。」,孫悟空:道:眾僧,1
木叉用手指著：「那東岸上坐的不是？」,惠岸:道:悟淨,1
菩薩道：「悟空，他不曾走，他是佛旨差來的。」,文殊菩薩:道:行者,1
玉帝垂簾問曰：「那個是妖仙？」,玉皇大帝:垂簾問曰:太白金星,1
國王命官取水，遞與駙馬。,國王:命:官,1
唐僧轉回身不睬，口裏唧唧噥噥的道：「我是個好和尚，不受你歹人的禮！」,三藏:道:行者,1
行者道：「你有本事，劈開我的手，你便就去了也罷。」,孫悟空:道:少年,1
驚動高天上聖大慈仁者玉皇大天尊玄穹高上帝，駕座金闕雲宮靈霄寶殿，聚集仙卿，見有金光燄燄，即命千里眼、順風耳開南天門觀看。,玉皇大帝:開南天門觀看:千里眼、順風耳,1
卻幸得八戒按摸揉擦，須臾間，氣透三關，轉明堂，沖開孔竅，叫了一聲：「師父啊！」,八戒:叫:三藏,1
二人撞入裏面，把那一窩狡兔、妖狐、香獐、角鹿，一頓釘鈀鐵棒，盡情打死，卻往後園拜救師父。,行者、八戒:打:小妖,-1
行者請師父高坐，他卻一一從頭唱名搜檢，都要解放衣襟，分明點過，更無袈裟。,孫悟空:請:三藏,1
行者聞言，把腰兒躬一躬，長了二丈餘高，用手展去灰塵道：「師父，請看。」,行者:道:三藏,1
八戒道：「前年蒙觀音菩薩勸善，願隨他做個徒弟。」,八戒:驚問道:禪師,1
行者將那稱名趕怪鑽入河中之事，說了一遍。,行者:說:三藏,1
說不了，行者走來，叫聲「師父。」,行者:叫:三藏,1
老妖道：「那裏買賣？」,老妖:道:小妖,1
行者罵道：「你個作死的孽畜！甚麼個去處，敢稱仙洞！『仙』字是你稱的？快進去報與你那黑漢，教他快送老爺的袈裟出來，饒你一窩性命！」,孫悟空:罵道:小妖,-1
又將言語吩咐道：「你須用心了還業障；功成後，超越凡龍，還你個金身正果。」,菩薩:吩咐道:龍,1
不一時，那玉清元始天尊、上清靈寶天尊、太清道德天尊、五炁真君、五斗星君、三官四聖、九曜真君、左輔、右弼、天王、哪吒，元虛一應靈通，對對旌旗，雙雙幡蓋，都捧著明珠異寶，壽果奇花，向佛前拜獻曰：「感如來無量法力，收伏妖猴。蒙大天尊設宴，呼喚我等皆來陳謝。請如來將此會立一名，如何？」,五炁真君:命:玉帝,1
行者放下缽盂，覿面道個問訊，叫：「老公公，貧僧問訊了。」,行者:叫:老者,1
山神、土地聞言，敢不承命；又問各要幾何，大聖道：「不拘多少，取些來便罷。」,行者:道:山神、土地,1
那皇帝即下龍位，御手忙攙道：「國師今日行此大禮，何也？」,國王:攙:道士,1
長老道：「徒弟呀，我這等磕頭，你也就不拜他一拜，且立在旁邊，只管哂笑，是何道理？」,三藏:道:孫悟空,1
行者道：「你也是到此一場，看看我的山景何如。」,行者:道:八戒,1
悟空唱個喏道：「承賜！承賜！」,孫悟空:道:三藏,1
行至階下，有幾個校尉，把八戒揪著耳朵，拉在鍋邊。,校尉:揪:八戒,-1
玄奘道：「貧僧出家人，未敢稱號。」,玄奘:道:唐王,1
那美猴王不懼分毫，輪起金箍棒，左遮右攩，把那九曜星戰得筋疲力軟，一個個倒拖器械，敗陣而走，急入中軍帳下，對托塔天王道：「那猴王果十分驍勇！我等戰他不過，敗陣來了。」,九曜星:道:李天王,1
叫：「悟空，過來！我問你弄甚麼精神，變甚麼松樹？這個工夫，可好在人前賣弄？假如你見別人有，不要求他？別人見你有，必然求你。你若畏禍，卻要傳他；若不傳他，必然加害：你之性命又不可保。」,菩提祖師:叫:孫悟空,1
二小妖叩頭，將寶貝領出去拿行者不題。,精細鬼、伶俐蟲:磕頭:銀角,1
八戒道：「哥哥，我這一去哄他出來，你莫做聲，但只在半空中等候。估著他鑽出頭來，卻使個搗蒜打，照他頂門上著著實實一下！縱然打不死他，好道也護疼發暈，卻等老豬趕上一鈀，管教他了帳！」,八戒:道:行者,1
行者道：「兄弟，不要胡說，趁早外邊引路。」,行者:道:八戒,1
那裏面有一老者，扶笻而出；唿喇的開了門，看見行者這般惡相，腰繫著一塊虎皮，好似雷公模樣，諕得腳軟身麻，口出譫語道：「鬼來了！鬼來了！」,老者:口出譫語道:孫悟空,1
三藏道：「院主請起，再不必行禮，作踐貧僧。我和你都是佛門弟子。」,三藏:道:僧官,1
菩薩道：「經驗過的。」,菩薩:道:行者,1
行者道：「老師父，你忘了『無眼耳鼻舌身意』。我等出家之人，眼不視色，耳不聽聲，鼻不嗅香，舌不嘗味，身不知寒暑，意不存妄想——如此謂之祛褪六賊。你如今為求經，念念在意；怕妖魔，不肯捨身；要齋喫，動舌；喜香甜，觸鼻；聞聲音，驚耳；覩事物，凝眸；招來這六賊紛紛，怎生得西天見佛？」,行者:道:唐僧,1
與那同睡者道：「你睡著，等我尋去。」,同睡者:道:小道士,1
八戒道：「哥哥，他既奉法旨暗保師父，所以不能現身明顯，故此點化仙莊。你莫怪他，昨日也虧他與你點眼，又虧他管了我們一頓齋飯，亦可謂盡心矣。你莫怪他，我們且去救師父來。」,八戒:道:行者,1
小龍道：「你是不知！你與沙僧在皇帝面前弄了本事，思量拿倒妖魔，請功求賞，不想妖魔本領大，你們手段不濟，奈他不過。好道著一個回來，說個信息是，卻更不聞音。那妖精變做一個俊俏文人，撞入朝中，與皇帝認了親眷。把我師父變作一個斑斕猛虎，見被眾臣捉住，鎖在朝房鐵籠裏面。我聽得這般苦惱，心如刀割。你兩日又不在不知，恐一時傷了性命，只得化龍身去救，不期到朝裏，又尋不見師父。及到銀安殿外，遇見妖精，我又變做個宮娥模樣，哄那怪物。那怪叫我舞刀他看，遂爾留心，砍他一刀，早被他閃過，雙手舉個滿堂紅，把我戰敗。我又飛刀砍去，他又把刀接了，捽下滿堂紅，把我後腿上著了一下；故此鑽在御水河，逃得性命。腿上青是他滿堂紅打的。」,小龍王:道:八戒,1
你看他從袖子裏，卻像撮傀儡一般，把唐僧拿出，縛在正殿簷柱上；又拿出他三個，每一根柱上，綁了一個；將馬也拿出拴在庭下，與他些草料；行李拋在廊下；又道：「徒弟，這和尚是出家人，不可用刀鎗，不可加鈇鉞，且與我取出皮鞭來，打他一頓，與我人參果出氣！」,鎮元大仙:拿出:三藏、行者、 八戒、沙僧、馬,-1
八戒道：「弄不成！弄不成！那裏好幹這個勾當！」,八戒:道:行者,1
行者道：「也不消講，等我先與你二件物。」,行者:道:三藏,1
眾僧叩頭道：「老爺若和你徒弟說聲方便，不動扛子，就跪一個月也罷。」,僧眾:道:三藏,1
高老道：「我們這莊上，自古至今，也不曉得有甚麼鬼祟魍魎，邪魔作耗。只是老拙不幸，不曾有子，止生三個女兒：大的喚名香蘭，第二的名玉蘭，第三的名翠蘭。那兩個從小兒配與本莊人家，止有小的個，要招個女婿，企望他與我同家過活，做個養老女婿，撐門抵戶，做活當差。不期三年前，有一個漢子，模樣兒倒也精緻，他說是福陵山上人家，姓豬，上無父母，下無兄弟，願與人家做個女婿。我老拙見是這般一個無根無絆的人，就招了他。一進門時，倒也勤謹：耕田耙地，不用牛具；收割田禾，不用刀杖。昏去明來，其實也好；只是一件，有些會變嘴臉。」,太公:道:行者,1
豬八戒見那妖精鎖綁在側，急掣鈀上前就築，口裏罵道：「潑邪畜！你如今不喫我了？」,八戒:罵道:妖精,-1
妖邪道：「這定是那潑和尚來了。」,怪物:道:小妖,1
菩薩纔住了祥雲，先與鎮元子陪了話；後與三星作禮。,菩薩:作禮:三老,1
悟空道：「不學！不學！」,孫悟空:道:菩提祖師,1
行者道：「師父，莫念！莫念！待老孫陽世間醫罷。」,行者:道:三藏,1
那獃子謝了行者道：「哥哥，那妖精在那裏？等我去築他幾鈀，出出氣來！」,八戒:謝道:行者,1
只見那老兒纔引個少年，拿一個板盤兒，托三杯清茶來獻。,老者:纔引:兩個少年,1
那妖王傳令叫拿，那夥小妖，鎗刀簇擁，齊聲吶喊，即開門，都道：「拿住！拿住！」,紅孩兒:令:小妖,1
惠岸道：「師父，你看河有多遠？」,惠岸行者:道:菩薩,1
老者道：「教他們捧齋來侍奉老爺。」,老者:道:八戒,1
八戒笑道：「好本事！就是叫小爐兒匠使掭子，便也不像這等爽利！」,八戒:笑道:行者,1
老魔聽說，暴躁如雷道：「罷了！罷了！這就是孫行者假妝神仙騙哄去了！那猴頭神通廣大，處處人熟，不知那個毛神，放他出來，騙去寶貝！」,金角:暴躁如雷道:精細鬼、伶俐蟲,-1
行者道：「他說我昨日到城外打殺他兩個徒弟，是誰知證？我等且屈認了，著兩個和尚償命，還放兩個去取經。他又說我捽碎車輛，放了囚僧，此事亦無見證，料不該死，再著一個和尚領罪罷了。他說我毀了三清，鬧了觀宇，這又是栽害我也。」,行者:道:國王,1
那老君到兜率宮，將大聖解去繩索，放了穿琵琶骨之器，推入八卦爐中，命看爐的道人，架火的童子，將火煽起煆煉。,太上老君:命:看爐的道人、架火的童子,1
八戒道：「你回那裏去？」,八戒:道:行者,1
八戒在旁笑道：「知他往那裏耍子去來！化甚麼齋，卻教我們在此坐牢！」,八戒:笑道:三藏,1
與那九曜星、五方將、二十八宿、四大天王、十二元辰、五方五老、普天星相、河漢群神，俱只以弟兄相待，彼此稱呼。,孫悟空:弟兄相待、彼此稱呼:九曜星,1
三藏慇懃致意，再問：「路途果有多遠？」,三藏:問:禪師,1
那老黿又叫：「大聖，不要打船，我送你師徒過去。」,老黿:叫:行者,1
八戒即招手叫道：「悟淨，你來。」,八戒:道:沙僧,1
悟空道：「吾乃花果山天生聖人孫悟空，是你老龍王的緊鄰，為何不識？」,孫悟空:道:夜叉,1
那妖笑道：「渾家，可是變得好麼？」,老妖:笑道:公主,1
大仙道：「萬壽山五莊觀，便是貧道棲止處。」,鎮元大仙:道:三藏,1
八戒笑道：「他害你了。若還沒雨，拿上柴蓬，一把火了帳！」,八戒:道:三藏,1
這個道：「你強姦幼女正該拿！」,行者:道:怪,-1
行者道：「不瞞菩薩說。平日拿得動，今日拿不動。想是喫了妖精虧，觔力弱了。」,行者:道:菩薩,1
八戒道：「甚麼買賣？」,八戒:道:行者,1
妖王道：「不好了！著了他假也！這不是老大王！」,妖王:道:小妖,1
只聽得八戒與沙僧朗朗的在松間講話。,行者:聽:八戒、沙僧,1
八戒道：「嘴臉！你又不曾去，你曉得那些兒，要替我說？」,八戒:道:行者,1
行者笑道：「可像你兒子麼？」,行者:笑道:老者,1
長老忽然慘悽道：「陛下，你不知那世裏冤家，今生遇著他，暗喪其身，拋妻別子，致令文武不知，多官不曉！可憐你妻子昏蒙，誰曾見焚香獻茶？」,三藏:道:皇帝,1
國王道：「有甚麼武藝？」,國王:道:虎力大仙,1
行者道：「這妖精在山前住，是山後住？」,行者:道:眾神,1
那上下房的院主，將本寺和尚、頭陀、幸童、道人盡行開具手本二張，大小人等，共計二百三十名。,上下房的院主:盡行開具:和尚、頭陀、幸童、道人,1
行者道：「不好！不好！若是與你一同入城，那怪物生疑，不說是我撞著你，卻說是你請老孫，卻不惹他反怪你也？」,行者:道:太子,1
太宗聞言，躬身稱謝。,唐王 :稱謝:十代閻王,1
行者陪笑道：「師父好不聰明。這等半山之中，前不巴村，後不著店，有錢也沒買處，教往那裏尋齋？」,行者:陪笑道:三藏,1
八戒道：「想必是夾腦風、羊耳風、大麻風、偏正頭風？」,八戒:道:老者,1
三藏道：「陛下第三位公主娘娘，被碗子山波月洞黃袍妖攝將去，貧僧偶爾相遇，故寄書來也。」,三藏:道:國王,1
且會遣山，就使一個「移山倒海」的法術，就在行者背上捻訣，念動真言，把一座須彌山遣在空中，劈頭來壓行者。,銀角:壓:行者,1
菩薩道：「那萬壽山有座五莊觀。鎮元大仙，你曾會他麼？」,菩薩:道:行者,1
那老君收了金鋼琢，請玉帝同觀音、王母、眾仙等，俱回靈霄殿。,太上老君:請:玉帝、觀音、王母、眾仙,1
那些道人聽命，各各整頓齊備。,道人:聽命:僧官,1
三藏聞言，磕了頭，謹依吩咐，辭別公主，躲離後門之外，不敢自行，將身藏在荊棘叢中。,三藏:磕頭:公主,1
行者道：「你的造化，我有營生。這纔是湊四合六的勾當。你也不須遠行，莫要化費了銀子。我們不是那不濟的和尚，膿包的道士，其實有些手段，慣會拿妖。這正是『一來照顧郎中，二來又醫得眼好。』煩你回去上覆你那家主，說我們是東土駕下差來的御弟聖僧，往西天拜佛求經者，善能降妖縛怪。」,孫悟空:道:少年,1
那道士吹打已畢，行者開言道：「那晚輩小仙，不須伏拜。我欲不留些聖水與你們，恐滅了苗裔；若要與你，又忒容易了。」,行者:道:小道士,1
只得強打精神，跳將起來，把行李攢在一處，將馬拴在樹上，取下戴的斗笠，插定了錫杖，整一整緇衣，徐步幽林，權為散悶。,三藏:拴:馬,1
行者道：「與你有甚恩惠？」,行者:道:老黿,1
龍王道：「其實無錢。」,井龍王:道:八戒,1
沙僧道：「哥啊，這不是甚麼寺院，是一座妖精洞府也。我師父在這裏，也見不得哩。」,沙僧:道:八戒,1
行者道：「就入此山，打聽有多少妖怪，是甚麼山，是甚麼洞，我們好過去。」,行者:道:八戒,1
光蕊謝恩出朝，回到相府，與妻商議，拜辭岳丈、岳母，同妻前赴江州之任。,光蕊:拜辭:岳丈、岳母,1
大聖即帶引群猴，頂冠貫甲，甲上罩了赭黃袍，足踏雲履，急出洞門，躬身施禮，高叫道：「老星請進，恕我失迎之罪。」,孫悟空:高叫道:太白金星,1
行者道：「怕你不哭！你若不哭，我也醫不成！」,行者:道:八戒,1
行者近前一齊攔住道：「休嚷！莫走了風！我不叫做立帝貨，還有真名哩。」,行者:攔住道:行者,1
太子怒道：「這廝當言不言，如何這等哂笑？」,太子:怒道:行者,-1
轉過手，摸著公主道：「渾家，你且在家喫酒，看著兩個孩兒，不要放了沙和尚。趁那唐僧在那國裏，我也趕早兒去認認親也。」,老妖:摸道:公主,1
馬、流道：「大聖，不論甚麼時度，他逐日家在這裏纏擾。」,馬、流:道:行者,1
道士云：「你不知道。因當年求雨之時，僧人在一邊拜佛，道士在一邊告斗，都請朝廷的糧食；誰知那和尚不中用，空念空經，不能濟事。後來我師父一到，喚雨呼風，拔濟了萬民塗炭。卻纔惱了朝廷，說那和尚無用，拆了他的山門，毀了他的佛像，追了他的度牒，不放他回鄉，御賜與我們家做活，就當小廝一般。我家裏燒火的，也是他；掃地的，也是他；頂門的，也是他。因為後邊還有住房，未曾完備，著這和尚來拽磚瓦，拖木植，起蓋房宇。只恐他貪頑躲懶，不肯拽車，所以著我兩個去查點查點。」,道士:云:行者,1
行者道：「特來尋你們耍子。」,行者:道:壽星、福星、祿星,1
都稱「千歲大王」。,眾猴:稱:石猴,1
行者道：「你老人家自幼為僧，須曾講過儒書，方纔去演經法；文理皆通，然後受唐王的恩宥；門上有那般大字，如何不認得？」,行者:道:長老,1
又見那光豔豔的一領綿布直裰，一頂嵌金花帽，行者道：「這衣帽是東土帶來的？」,孫悟空:道:三藏,1
菩薩道：「那條龍，是我親奏玉帝，討他在此，專為求經人做個腳力。你想那東土來的凡馬，怎歷得這萬水千山？怎到得那靈山佛地？須是得這個龍馬，方纔去得。」,菩薩:道:孫悟空,1
三藏問：「是甚麼老猿？」,三藏:問:伯欽,1
太保道：「這山舊名五行山；因我大唐王征西定國，改名兩界山。先年間曾聞得老人家說：『王莽篡漢之時，天降此山，下壓著一個神猴，不怕寒暑，不喫飲食，自有土神監押，教他饑餐鐵丸，渴飲銅汁；自昔到今，凍饑不死。』這叫必定是他。長老莫怕。我們下山去看來。」,伯欽:道:三藏,1
真個八戒領那皇帝前行，沙僧伏侍師父上馬，行者隨後。,沙僧:伏侍:三藏,1
看他挑著兩座大山，飛星來趕師父！,行者:趕:三藏,1
教：「沙僧，將馬匹、行李俱潛在樹林深處，小心守護，待我兩個上門去尋師父耶。」,行者:教:沙僧,1
鹿力道：「寬心，料我決不輸與他。」,鹿力大仙:道:國王,1
魔頭聞此言，那容分說，掣七星寶劍，望行者劈面砍來。,金角、銀角:砍:行者,-1
那八戒醒來道：「哥哥，你嚷怎的？」,八戒:道:行,1
行者道：「我僧乃東土之人，乍來此處，街道尚且不通，如何夜裏就知他觀中之事？既遺下小便，就該當時捉住，卻這早晚坐名害人；天下假名託姓的無限，怎麼就說是我？望陛下回嗔詳察。」,行者:道:國王,1
老黿道：「我感大聖之恩，情願辦好心送你師徒，你怎麼反要打我？」,老黿:道:行者,1
那道人道：「拜已畢了，還撞鐘怎麼？」,道人:道:孫悟空,1
那道人忽見三藏相貌稀奇，丰姿非俗，急趨步上前施禮道：「師父那裏來的？」,道人:施禮道:三藏,1
道士道：「你要化些齋喫，卻不是敗興？」,道士:道:行者,1
行者道：「我也不用著風雲雷電，只是要些雨水滅火。」,行者:道:龍王,1
忽然龍王變作人相，上前跪拜。,龍王:跪拜:唐王,1
國王道：「是東土大唐差去西天取經的，來此倒換關文。」,國王:道:老道士,1
太尉道：「陛下，趲動些，趁早趕時辰進城去也。」,朱太尉:道:唐王,1
妖魔即喚小妖，同到那廂，收了樓臺房屋之形，把唐僧攙住，牽了白馬，挑了行李，將八戒、沙僧一齊捉到洞裏。,妖魔:喚:小妖,1
二童子又上前道：「啟問老師可是大唐往西天取經的唐三藏？」,清風、明月:道:三藏,1
行者道：「你便不曾去喫酒，只是惹下一個喫酒的罪名了。」,行者:道:龍王,1
好妖魔，使神通壓倒行者，卻疾駕長風，去趕唐三藏。,銀角:趕:三藏,-1
大眾道：「就變科松樹罷。」,大眾:道:孫悟空,1
那三千諸佛、五百羅漢、八金剛、四菩薩，合掌近前禮畢，間曰：「鬧天宮攪亂蟠桃者，何也？」,三千諸佛、五百阿羅、八大金剛、無邊菩薩:間曰:如來佛祖,1
叫：「取披掛來。我也只聞得講甚麼孫行者，等我出去，看是個甚麼九頭八尾的和尚，拿他進來，與我虎先鋒對命。」,洞主:叫:小怪,1
獃子只是想著喫食，那裏管甚麼好歹，使戒刀挑斷繩索，放下怪來。,八戒:放下:妖精,1
老怪傳令，教：「小的們，各要整齊。進前者賞，退後者誅！」,老怪:教:小妖,1
行者道：「不瞞賢弟說，若是山裏妖精，全不用你們費力；水中之事，我去不得。就是下海行江，我須要捻著避水訣，或者變化甚麼魚蟹之形，纔去得；若是那般捻訣，卻輪不得鐵棒，使不得神通，打不得妖怪。我久知你兩個乃慣水之人，所以要你兩個下去。」,行者:道:八戒,1
惠岸道：「師父用著幾何？」,惠岸:道:菩薩,1
八戒忍不住問道：「老者，你這盛价，兩邊走怎的？」,八戒:道:老者,1
行者道：「師父差了。你自幼出家，做了和尚，小時的經文，那本不熟？卻又領了唐王旨意，上西天見佛，求取『大乘真典』。如今功未完成，佛未得見，經未曾取，你念的是那卷經兒？」,行者:道:三藏,1
怎知孫大聖已一一盡知，他轉翅飛來，現了本相，先見唐僧道：「師父，悟能牽馬來了。」,行者:道:行者,1
八戒道：「不好了！師父羊兒風發了。」,八戒:道:行者、沙僧,1
行者道：「你快去蒸上五斗米的飯，整治些好素菜，與我那長嘴師父喫。教他變作你的女兒，我兄弟同去祭賽。索性行個陰騭，救你兩個兒女性命，如何？」,行者:道:老者,1
三藏道：「徒弟啊，出家人不要說謊。你離了我，沒多一個時辰，就說到龍王家喫茶？」,三藏:道:孫悟空,1
那宮主下了寶殿，直至白玉階前，見了劉全，一把扯住道：「丈夫，你往那裏去，就不等我一等！我跌了一跌，被那些沒道理的人圍住我嚷，這是怎的說！」,玉英宮主:扯住道:劉全,1
慌得個眾僧哭道：「師公已撞殺了，又不見袈裟，怎生是好？」,眾僧:哭道:孫悟空,1
八戒笑道：「這先兒只好哄這皇帝，搪塞黎民，全沒些真實本事！令牌響了兩個，如何又不見雲生？」,八戒:笑道:虎力大仙,1
行者道：「我是平頂山蓮花洞裏差來請老奶奶的。」,行者:道:女怪,1
國王聞此言，又勸謝了他四眾。,國王:陳:三藏、行者、八戒、沙僧,1
剝了他的衣服，奪了他的盤纏，笑吟吟走將來道：「師父請行，那賊已被老孫剿了。」,孫悟空:道:三藏,1
表曰：「西域之法，無君臣父子，以三塗六道，蒙誘愚蠢；追既往之罪，窺將來之福；口誦梵言，以圖偷免。且生死壽夭，本諸自然；刑德威福，係之人主。今聞俗徒，矯託皆云由佛。自五帝、三王，未有佛法；君明臣忠，年祚長久。至漢明帝始立胡神，然惟西域桑門，自傳其教。實乃夷犯中國，不足為信。」,傅奕:表曰:唐王,1
行者見說起菩薩，卻又三分兒轉意道：「兄弟，既這等說，我且不打你。你卻老實說，不要瞞我。那唐僧在那裏有難，你卻來此哄我？」,行者:道:八戒,1
老君領旨去訖。,太上老君:領旨:玉帝,1
又賜五綵織金袈裟一件，毘盧帽一頂。,唐王:賜:玄奘,1
行者叫道：「兒子莫走！要戰便像個戰的，不可以天晚相推。」,孫悟空:叫道:黑漢,1
那娘娘一把扯住道：「孩兒，你有甚事，話不終就走？」,娘娘:扯住道:太子,1
悟空迎近前來問曰：「你是誰家小哥？闖近吾門，有何事幹？」,孙悟空:問曰:哪吒,1
——「行李呢？」,八戒:道:行者,1
行者道：「今日先從誰起？」,孫悟空:道:眾神,1
當時眾神把大聖攢在一處，卻不能近身，亂嚷亂鬭，早驚動玉帝。,眾神:攢在一處（圍困）:孫悟空,-1
好大聖，一隻手使棒，架住他的寶貝；一隻手把那繩執起，刷喇的扣了魔頭。,行者:扣:銀角,-1
菩薩道：「你在天有罪，既貶下來，今又這等傷生，正所謂罪上加罪。我今領了佛旨，上東土尋取經人。你何不入我門來，皈依善果，跟那取經人做個徒弟，上西天拜佛求經？我教飛劍不來穿你。那時節功成免罪，復你本職，心下如何？」,菩薩:道:妖怪,1
沙僧聞言，打了一個失驚，渾身麻木道：「師兄，你都說的是那裏話，我等因為前生有罪，感蒙觀世音菩薩勸化，與我們摩頂受戒，改換法名，皈依佛果，情願保護唐僧上西方拜佛求經，將功折罪。今日到此，一旦俱休，說出這等各尋頭路的話來，可不違了菩薩的善果，壞了自己的德行，惹人恥笑，說我們有始無終也！」,沙僧:道:行者,1
行者在旁暗笑道：「這菩薩省使儉用。那蓮花池裏有五色寶蓮臺，捨不得坐將來，卻又問別人去借。」,行者:道:行者,1
那怪道：「我不曾會，你有甚麼手段，說來我聽。」,黑風王:道:孫悟空,1
菩薩方與他摩頂受戒，指沙為姓，就姓了沙；起個法名，叫做個沙悟淨。,菩薩:起個法名:沙悟淨,1
菩薩道：「孽畜！你如今可皈依麼？」,菩薩:道:黑漢,1
沙僧見了道：「是人參果。」,沙僧:道:行者,1
菩薩道：「貧僧要見玉帝一面。」,菩薩:道:邱、張二天師,1
小龍抵敵不住，飛起刀去，砍那妖怪，妖怪有接刀之法，一隻手接了寶刀，一隻手拋下滿堂紅便打，小龍措手不及，被他把後腿上著了一下。,小龍王:砍:老妖,-1
羊力大仙道：「師兄勿疑。想是我們虔心敬意，在此晝夜誦經，前後申文，又是朝廷名號，斷然驚動天尊。想是三清爺爺聖駕降臨，受用了這些供養。趁今仙從未返，鶴駕在斯，我等可拜告天尊，懇求些聖水金丹，進與陛下，卻不是長生永壽，見我們的功果也？」,羊力大仙:道:鹿力大仙,1
國王大驚，即著當駕太師領他往文華殿裏梳洗去了。,國王:著:太師,1
行者看道：「妙啊！妙啊！還是妖精菩薩，還是菩薩妖精？」,孫悟空:道:菩薩,1
長老道：「徒弟呀，那有難的人，大沒緣法，不曾得遇著我們。我們走過他了，你聽他在山後叫哩。」,三藏:道:行者、八戒、沙僧,1
那怪道：「你這猴頭，忒不通變。那唐僧與你做得師父，也與我做得按酒，你還思量要他哩。莫想！莫想！」,紅孩兒:道:行者,1
三藏道：「我略略的言語重了些兒，你就怪我，使個性子丟了我去。像你這有本事的，討得茶喫；像我這去不得的，只管在此忍餓。你也過意不去呀！」,三藏:道:孫悟空,1
輪鐵棒，尋妖要打。,行者:尋:紅孩兒,1
菩薩大驚道：「你這個猴子，還是這等放潑！他又不曾偷你袈裟，又不與你相識，又無甚冤仇，你怎麼就將他打死？」,菩薩:大驚道:孫悟空,-1
喝道：「好妖怪，那裏走！你抬頭看看我是那個？」,行者:喝道:怪,-1
行者道：「因保唐僧，路逢一事，特見菩薩，煩為通報。」,孫悟空:道:諸天,1
被大聖攔住天門要打，幸虧眾星勸住，押見玉帝。,二十七宿星員:勸住:行者,1
行者道：「老陳，還有一事累你，有針線借我用用。」,孫悟空:道:老者,1
悟空道：「我也不記壽數幾何，且只消了名字便罷！取筆過來！」,孫悟空:道:判官,1
叫：「母親！」,太子:叫:娘娘,1
沙僧罵道：「你這孽障，是也不曾見！這般兵器人間少，故此難知寶杖名。出自月宮無影處，梭羅仙木琢磨成。外邊嵌寶霞光耀，內裏鑽金瑞氣凝。先日也曾陪御宴，今朝秉正保唐僧。西方路上無知識，上界宮中有大名。喚做降妖真寶杖，管教一下碎天靈！」,沙僧:罵道:怪物,-1
那崖下石坎邊，花草中，樹木裏，若大若小之猴，跳出千千萬萬，把個美猴王圍在當中，叩頭叫道：「大王，你好寬心！怎麼一去許久？把我們俱閃在這裏，望你誠如饑渴！近來被一妖魔在此欺虐，強要占我們水簾洞府，是我等捨死忘生，與他爭鬭。這些時，被那廝搶了我們家火，捉子許多子姪，教我們晝夜無眠，看守家業。幸得大王來了！大王若再年載不來，我等連山洞盡屬他人矣！」,眾猴:叩頭叫道:孫悟空,1
眾僮僕見了道：「爺爺呀！你是磨磚砌的喉嚨，著實又光又溜！」,眾僮:道:八戒,1
行者馱了，口中笑道：「你這個潑魔，怎麼敢來惹我！你也問問老孫是幾年的人兒！你這般鬼話兒，只好瞞唐僧，又好來瞞我？我認得你是這山中的怪物！想是要喫我師父哩。我師父又非是等閑之輩，是你喫的！你要喫他，也須是分多一半與老孫是。」,行者:道:銀角,1
八戒道：「分了罷！你往流沙河還做妖怪，老豬往高老莊上盼盼渾家。把白馬賣了，買口棺木，與師父送老，大家散火。還往西天去哩？」,八戒:道:沙僧,1
八戒就背著他。,八戒:背:行者,1
行者道：「大仙不必遲疑，趁早兒陳設香案，請菩薩替你治那甚麼果樹去。」,行者:道 :鎮元大仙,1
那和尚便問：「老爺，你有多少年紀了？」,老僧:问:孫悟空,1
下面又有葛仙翁天師啟奏道：「萬歲，有冥司秦廣王齎奉幽冥教主地藏王菩薩表文進上。」,葛仙翁天師:啟奏:玉皇大帝,1
太宗即排駕，率文武多官，后妃國戚，早赴寺裏。,唐王:率:文武多官、后妃、國戚,1
太子回宮繳旨，將旗送還真武不題。,哪吒:送還:真武,1
龍王聞言，拜辭含淚而去。,龍王:拜辭:袁守誠,1
孫大聖只得相隨。,行者:相隨:菩薩,1
太宗舉目而看，不是舊路，問判官曰：「此路差矣？」,唐王 :問曰:崔玨,1
悟空道：「這般也能長生麼？」,孫悟空:道:菩提祖師,1
壽星道：「大聖放心，不須煩惱。那大仙雖稱上輩，卻也與我等有識。一則久別，不曾拜望；二來是大聖的人情：如今我三人同去望他一望，就與你道達此情，教那唐和尚莫念緊箍兒咒，休說三日五日，只等你求得方來，我們纔別。」,壽星:道:行者,1
伯欽到了門首，將死虎擲下，叫：「小的們何在？」,伯欽:叫:家僮,1
老者道：「再往上岸走走，好的離那碑記只有里許，有一座靈感大王廟，你不曾見？」,老者:道:行者,1
龍王道：「大聖在先，此事在後，故你不認得。這叫做『圯橋三進履』。」,龍王:道:孫悟空,1
僧官道：「你莫胡說！我們老少眾大四五百名和尚，往那裏搬？搬出去，卻也沒處住。」,僧官:道:道人,1
菩薩笑道：「你這猴子！你不遵教令，不受正果，若不如此拘係你，你又誑上欺天，知甚好歹！再似從前撞出禍來，有誰收管？——須是得這個魔頭，你纔肯入我瑜伽之門路哩！」,菩薩:笑道:孫悟空,1
行者道：「是龍。」,行者:道:沙僧,1
那小妖急入裏報道：「大王，門外有個甚麼行者孫來了。」,小妖:報道:金角,1
閻王道：「陛下寬心勿慮，還有二十年陽壽。此一來已是對案明白，請返本還陽。」,十代閻王:道:唐王 ,1
喝教眾僧：「散！莫在我手腳邊，等我明日見這皇帝，滅那道士！」,行者:喝教:眾僧,1
說未了，只見那老兒，果擎著一副鞍轡，襯屜韁籠之類，凡馬上一切用的，無不全備，放在廊下道：「師父，鞍轡奉上。」,老者:道:三藏,1
菩薩謝恩而出。,菩薩:謝恩:玉帝,1
那道人道：「師父莫怪，我做不得主。我是這裏掃地撞鐘打勤勞的道人。裏面還有個管家的老師父哩，待我進去稟他一聲。他若留你，我就出來奉請；若不留你，我卻不敢羈遲。」,道人:道:三藏,1
行者道：「你可會念佛？」,行者:道:童兒,1
那菩薩欲留行者，治齋相敘，行者懇辭，隨取了飛龍杖，與大聖一齊駕雲。,菩薩:留:行者,1
沙僧道：「你看師父說的話。弟子蒙菩薩勸化，受了戒行，等候師父；自蒙師父收了我，又承教誨；跟著師父還不上兩月，更不曾進得半分功果，怎敢圖此富貴！寧死也要往西天去，決不幹此欺心之事。」,沙僧:道:三藏,1
那和尚打了個寒噤，咬著指頭道：「這般一個醜頭怪腦的，好招他做徒弟！」,和尚:咬著指頭道:三藏,1
行者引了十數個和尚，對唐僧馬前施禮，將上項事說了一遍。,行者:引:眾僧,1
三藏道：「還是人喊馬嘶。」,三藏:道:沙僧,1
相良道：「就死也是不敢受的。」,相良:道:尉遲公,1
三藏道：「貧僧是東土大唐國，奉旨意，上西天拜佛求經的。路過寶坊，天色將晚，特投聖祠，告宿一宵，天光即行。」,三藏:道:老者,1
又道：「徒弟們，我去之後，或三二年，或五七年，但看那山門裏松枝頭向東，我即回來，不然，斷不回矣。」,玄奘:道:徒弟,1
三藏道：「有甚麼不公的事？」,三藏:道:僧官,1
行者急縱雲跳起去，正到直北下人家化了一缽素齋，回獻師父。,行者:獻:三藏,1
三藏躬身施禮迎接道：「老院主，弟子拜揖。」,三藏:施禮迎接道:老僧,1
銀角道：「若是喫了他肉就可以延壽長生，我們打甚麼坐，立甚麼功，煉甚麼龍與虎，配甚麼雌與雄？只該喫他去了。等我去拿他來。」,銀角:道:金角,1
三藏道：「只因你沒收沒管，暴橫人間，欺天誑上，纔受這五百年前之難。今既入了沙門，若是還像當時行兇，一味傷生，去不得西天，做不得和尚！忒惡！忒惡！」,三藏:道:孫悟空,1
三藏道：「恭喜，恭喜。」,三藏:道:老者,1
老叟用杖指道：「那廂不是一匹馬，兩個包袱？」,老叟:道:三藏,1
龍座後面，閃上三宮皇后道：「我主，是梓童親手放的山河社稷襖，乾坤地理裙，卻不知怎麼變成此物。」,三宮皇后:道:國王,1
慌得個大聖喏喏連聲道：「小僧是東土大唐來的。奉旨向西方拜佛求經。一行四眾，路過寶方，天色已晚。特奔老菩薩潭府，告借一宵。」,行者:道:婦人,1
行者喊：「八戒！」,行者:喊:八戒,1
三藏聞其言道：「也罷了。」,三藏:道:行者,1
菩薩不敢久停，曰：「今領如來法旨，上東土尋取經人去。」,菩薩:曰:金頂大仙,1
諕得多官連忙解了八戒，跪地哀告：「恕罪！恕罪！」,兩班文武:跪地哀告:行者,1
又問道：「何為要錢不要錢？」,蕭瑀:問道:菩薩,1
行者道：「古人云：『走三家不如坐一家。』我貧僧在此等一等罷。」,行者:道:老者,1
三藏見了，扯住行者道：「悟空，這樣一個菩薩，你搗他窩巢怎的？」,三藏:扯住:行者,-1
行者道：「你怎麼就這等樣小家子，就摟我親嘴？我因今日有些不自在，若每常好時，便起來開門等你了。你可脫了衣服睡是。」,行者:道:怪,1
那婦人道：「好女婿呀！這等沒大沒小的，連丈母也都要了！我這三個女兒，心性最巧。他一人結了一個珍珠篏錦汗衫兒。你若穿得那個的，就教那個招你罷。」,婦人:道:八戒,1
只得強打精神，傳旨著叔寶將龍頭懸掛市曹，曉諭長安黎庶。,唐王:著:秦叔寶,1
向水底下行有百十里遠近，那獃子捉弄行者。,八戒:捉弄:行者,-1
卻說那怪自把三藏拿到洞中，選剝了衣服，四馬攢蹄，綑在後院裏，著小妖打乾淨水刷洗，要上籠蒸喫哩。,紅孩兒:拿:三藏,-1
颼的把個頭砍將下來。,劊子手:砍:行者,-1
八戒道：「哥哥放心前去，我等理會得。」,八戒:道:行者,1
行者怎肯容情，舉起棒，當頭就打。,行者:打:怪,-1
——「棍子第五指，就要大日天晴，卻莫違誤。」,行者:道:龍王,1
八戒道：「馱往那裏去？」,八戒:道:行者,1
他出門前，對行者道：「你又來怎的？」,紅孩兒:道:行者,1
在那山凹裏，駕鷹牽犬，搭弩張弓，充作打圍的樣子，等候那六健將。,行者:等候:六健將,1
那怪急回頭，抹了他一眼，道：「師父啊，我被那猛虎諕怕了，見這晦氣色臉的師父，愈加驚怕，不敢要他馱。」,銀角:道:三藏,1
依腔韻唱了一個小曲，又奉了一鍾。,小龍王:奉:老妖,1
按落雲頭，道聲「師父。」,孫悟空:道:三藏,1
那怪道：「師父啊，我手腳都吊麻了，腰胯疼痛，一則是鄉下人家，不慣騎馬。」,妖精:道:三藏,1
巨靈神冷笑三聲道：「這潑猴，這等不知人事，輒敢無狀，你就要做齊天大聖！好好的喫吾一斧！」,巨靈神:冷笑三聲道:孙悟空,1
叫：「道人，那壁廂有幾個人聽使令的？」,僧官:叫:道人,1
三藏道：「怎麼『日前壞了名』？」,三藏:道:僧官,1
那公主還陪笑臉迎道：「郎君有何事這等煩惱？」,公主:迎道:老妖,1
他把條鐵棒，捻一捻，依舊像個針兒，收在耳裏，背著行李，請師父上馬。,孫悟空:請:三藏,1
小妖道：「我家沒有你。」,倚海龍:道:行者,1
老者道：「你家居何處？因甚事削髮為僧？」,老者:道:行者,1
三藏下床，扯住道：「你往那裏去？」,三藏:道:孫悟空,1
八戒嚷道：「你這弼馬溫，徹是個急猴子！你再緩緩些兒，等我哄他到了高處，你卻阻住河邊，教他不能回首呵，卻不拿住他也；他這進去，幾時又肯出來？」,八戒:嚷道:行者,-1
行者忽然嘆口氣，道聲「造化低了！」,行者:道:怪,1
叫道：「師父，我來了。」,行者:叫道:三藏,1
那怪又道：「那黑長的是沙和尚，這長嘴大耳的是豬八戒。」,銀角:道:小妖,1
悟空笑道：「小太子，你的嬭牙尚未退，胎毛尚未乾，怎敢說這般大話？我且留你的性命，不打你。你只看我旌旗上是甚麼字號，拜上玉帝：是這般官銜，再也不須動眾，我自皈依；若是不遂我心，定要打上靈霄寶殿。」,孙悟空:笑道:哪吒,1
八戒道：「我雖食腸大，卻也隨鄉入鄉。是，拿來，拿來，我也喫幾個兒嘗新。」,八戒:道:行者,1
行者道：「莫管，莫管，我有處治。」,孫悟空:道:三藏,1
明月道：「師兄莫嚷。我們且整了衣冠，莫要驚張了這幾個和尚。這個沒有別人，定是那個毛臉雷公嘴的那廝，他來出神弄法，壞了我們的寶貝。若是與他分說，那廝畢竟抵賴，定要與他相爭，爭起來，就要交手相打，我想我們兩個，怎麼敵得過他四個？且不如去哄他一哄，只說果子不少，我們錯數了，轉與他陪個不是。他們的飯已熟了，等他喫飯時，再貼他些兒小菜。他一家拿著一個碗，你卻站在門左，我卻站在門右，撲的把門關倒，把鎖鎖住，將這幾層門都鎖了，不要放他。待師父來家，憑他怎的處置。他又是師父的故人，饒了他，也是師父的人情；不饒他，我們也拿住個賊在，庶幾可以免我等之罪。」,明月:道:清風,1
三公奉旨，急入到分宮樓下。,徐茂功、護國公、尉遲:奉旨:唐王,1
眾怪道：「大王，你沒手段，等我們著幾個去報大大王，教點起本洞大小兵來，擺開陣勢，合力齊心，怕他走了那裏去！」,小妖:道:銀角,1
大仙道：「你若有此神通，醫得樹活，我與你八拜為交，結為兄弟。」,鎮元大仙:道:行者,1
猴王道：「我本是花果山水簾洞天生聖人孫悟空。你等是甚麼官位？」,孫悟空:道:十代冥王,1
國王又率多官遠送。,國王:率:眾官,1
三藏道：「在家人怎麼？出家人怎麼？」,三藏:道:行者,1
他兩口子正欲去說，只見老母叫道：「伯欽孩兒，你來，我與你說話。」,老嫗:叫道:伯欽,1
妖王道：「如何不喫？」,妖王:道:行者,1
哪吒道：「請降旨意，往北天門問真武借皂雕旗在南天門上一展，把那日月星辰閉了。對面不見人，捉白不見黑，哄那怪道，只說裝了天，以助行者成功。」,哪吒:道:玉帝,1
把他那鑽在草裏睡覺，被啄木蟲叮醒，朝石頭唱喏，編造甚麼石頭山、石頭洞、鐵葉門、有妖精的話，預先說了。,行者:說:三藏,1
那老怪道：「你們來怎的？我往自家兒子去處，愁那裏沒人伏侍，要你們去獻勤塌嘴？都回去！關了門看家！」,女怪:道:小女妖,1
唐王方纔開眼道：「朕適纔好苦：躲過陰司惡鬼難，又遭水面喪身災。」,唐王:道:徐茂功,1
那老者還禮道：「你這和尚，卻來遲了。」,老者:還禮道:三藏,1
行者罵道：「我把你這個潑怪！誰是你渾家？連你祖宗也還不認得哩！」,行者:罵道:老妖,-1
大聖也公然不懼，調出獨角鬼王、七十二洞妖王與四個健將，就於洞門外列成陣勢。,孙悟空:調:七十二洞妖王,1
妖王道：「父王說那裏話，長他人志氣，滅孩兒的威風。那孫行者共有兄弟三人，領唐僧在我半山之中，被我使個變化，將他師父攝來。他與那豬八戒當時尋到我的門前，講甚麼攀親託熟之言，被我怒發沖天，與他交戰幾合，也只如此，不見甚麼高作。那豬八戒刺邪裏就來助戰，是孩兒吐出三昧真火，把他燒敗了一陣。慌得他去請四海龍王助雨，又不能滅得我三昧真火；被我燒了一個小發昏，連忙著豬八戒去請南海觀音菩薩。是我假變觀音，把豬八戒賺來，見吊在如意袋中，也要蒸他與眾小的們喫哩。那行者今早又來我的門首吆喝，我傳令教拿他，慌得他把包袱都丟下，走了。卻纔去請父王來看看唐僧活像，方可蒸與你喫，延壽長生不老也。」,妖王:道:行者,1
巨靈神道：「我把你那欺心的猢猻！你是認不得我！我乃高上神霄托塔李天王部下先鋒，巨靈天將！今奉玉帝聖旨，到此收降你。你快卸了裝束，歸順天恩，免得這滿山諸畜遭誅；若道半個『不』字，教你頃刻化為虀粉！」,巨靈神:道:孙悟空,1
婦人道：「此間乃西牛賀洲之地。小婦人娘家姓賈，夫家姓莫。幼年不幸，公姑早亡，與丈夫守承祖業。有家貲萬貫，良田千頃。夫妻們命裏無子，止生了三個女孩兒。前年大不幸，又喪了丈夫。小婦居孀，今歲服滿。空遺下田產家業，再無個眷族親人，只是我娘女們承領。欲嫁他人，又難捨家業。適承長老下降，想是師徒四眾。小婦娘女四人，意欲坐山招夫，四位恰好。不知尊意肯否如何。」,婦人:道:三藏,1
又叫：「小和尚，二國師還要與你賭哩。」,國王:叫:行者,1
早有鞏州合屬官吏人等，迎接入城中。,官吏:迎接:三藏,1
大仙又吩咐道：「還該打三藏訓教不嚴，縱放頑徒撒潑。」,鎮元大仙:吩咐道:小仙,1
向玉帝前頫顖禮畢，又對佛祖謝道：「深感法力，降伏妖猴。無物可以表敬，特具交梨二顆，火棗數枚奉獻。」,赤腳大仙:禮畢:玉帝,1
行者道：「這毫毛，也是你老人家與我的。但恐拔下一根，就拆破群了，又不能救我性命。」,行者:道:菩薩,1
八戒慌了，怎生爬得，叫：「你想！城牆也難上，這井肚子大，口兒小，壁陡的圈牆，又是幾年不曾打水的井，團團都長的是苔痕，好不滑也，教我怎爬？哥哥，不要失了兄弟們和氣，等我馱上來罷。」,八戒:叫:行者,1
那東廂閃過徐茂功、魏徵、王珪、杜如晦、房玄齡、袁天罡、李淳風、許敬宗等；西廂閃過殷開山、劉弘基、馬三寶、段志賢、程咬金、秦叔寶、胡敬德、薛仁貴等：一齊上前，在白玉階前，俯伏啟奏道：「陛下前朝一夢，如何許久方覺？」,王珪:啟奏道:唐王,1
老者道：「老爺也姓陳？」,老者:道:三藏,1
眾仙奉行而出。,大眾:奉:菩提祖師,1
行者笑道：「我若再遊過三海，不如上界去求玉帝旨意了。」,行者:道:龍王,1
行者昂然答道：「我是南贍部洲東土大唐國奉欽差前往西域天竺國大雷音寺拜活佛求真經者。今到此方，不敢空度，特來倒換通關文牒。」,行者:答道:魔王,1
那魔道：「因前日山南里施主家，邀道眾禳星散福，來晚，我師徒二人，一路而行。行至深衢，忽遇著一隻斑斕猛虎，將我徒弟銜去。貧道戰兢兢的無奔走，一跤跌在亂石坡上，傷了腿足，不知回路。今日大有天緣，得遇師父，萬望師父大發慈悲，救我一命。若得到觀中，就是典身賣命，一定重謝深恩。」,銀角:道:三藏,1
對眾僧道：「汝等秉立丹衷，切休怠慢佛事。待後功成完備，各各福有所歸，朕當重賞，決不空勞。」,唐王:道:眾僧,1
那魔王問：「停當了？」,紅孩兒:問:小妖,1
原來這是觀音菩薩，領佛旨，上東土，尋取經人，此住長安城都土地廟裏，夜聞鬼泣神號，特來喝退業龍，救脫皇帝。,觀音菩薩:喝退:沒頭的龍,-1
猴王大喜，將赭黃袍穿起，眾等欣然排班朝拜，即將鬼王封為前部總督先鋒。,孫悟空:封:鬼王,1
如來欣然領謝。,如來佛祖:領謝:壽星,1
大仙道：「我已見了。你兩個回去安排下繩索，等我自家拿他。」,鎮元大仙:道:清風、明月,1
行者見說起菩薩，卻又三分兒轉意道：「兄弟，既這等說，我且不打你。你卻老實說，不要瞞我。那唐僧在那裏有難，你卻來此哄我？」,行者:道:行者,1
太宗道：「日前接得魏徵書，朕覺神魂出殿，只見羽林軍請朕出獵。正行時，人馬無踪，又見那先君父王與先兄弟爭嚷。正難解處，見一人烏帽皂袍，乃是判官崔玨，喝退先兄弟。朕將魏徵書傳遞與他。正看時，又見青衣者，執幢幡，引朕入內，到森羅殿上，與十代閻王敘坐。他說那涇河龍誣告我許救轉殺之事，是朕將前言陳具一遍。他說已三曹對過案了，急命取生死文簿，檢看我的陽壽。時有崔判官傳上簿子。閻王看了，道寡人有三十三年天祿，纔過得一十三年，還該我二十年陽壽，即著朱太尉、崔判官，送朕回來。朕與十王作別，允了送他瓜果謝恩。自出了森羅殿，見那陰司裏，不忠不孝，非禮非義，作踐五穀，明欺暗騙，大斗小秤，姦盜詐偽，淫邪欺罔之徒，受那些磨燒舂剉之苦，煎熬弔剝之刑，有千千萬萬，看之不足。又過著枉死城中，有無數的冤魂，盡都是六十四處煙塵的草寇，七十二處叛賊的魂靈，攩住了朕之走路。幸虧崔判官作保，借得河南相老兒的金銀一庫，買轉鬼魂，方得前行。崔判官教朕回陽世，千萬作一場『水陸大會』，超度那無主的孤魂，將此言叮嚀分別。出了那『六道輪迴』之下，有朱太尉請朕上馬。飛也相似，行到渭水河邊，我看見那水面上有雙頭魚戲。正歡喜處，他將我撮著腳，推下水中，朕方得還魂也。」,唐王:道:眾臣,1
行者道：「已有了根由。早是不曾冤了這些和尚。原來是那黑風山妖怪偷了。老孫去暗暗的尋他，只見他與一個白衣秀士，一個老道人，坐在那芳草坡前講話。也是個不打自招的怪物，他忽然說出道：後日是他母難之日，邀請諸邪來做生日；夜來得了一件錦襴佛衣，要以此為壽，作一大宴，喚做『慶賞佛衣會』。是老孫搶到面前，打了一棍，那黑漢化風而走，道人也不見了，只把個白衣秀士打死，乃是一條白花蛇成精。我又急急趕到他洞口，叫他出來與他賭鬭。他已承認了，是他拿回。戰彀這半日，不分勝負。那怪回洞，卻要喫飯，關了石門，懼戰不出。老孫卻來回看師父，先報此信。已是有了袈裟的下落，不怕他不還我。」,孫悟空:道:三藏,1
忽聽得他來叫了一聲，唐僧連忙起身道：「徒弟，看甚麼？」,三藏:道:八戒,1
二老垂淚道：「可憐！可憐！我說等雪融備船相送，堅執不從，致令喪了性命！」,老者:道:八戒,1
沙僧道：「你置下仇了，恐他害我師父。你須快去快來。」,沙僧:道:行者,1
他見大聖縱橫，掣金鞭近前攩住道：「潑猴何往！有吾在此，切莫猖狂！」,王靈官:攩住道:孫悟空,-1
行者道：「你跑到那裏？我就讓你先走三日，老孫自有本事趕轉你來！快早說來！這一惱發我的性子，斷不饒你！」,行者:道:八戒,1
八戒道：「那妖的手段，與老豬是個對手。正戰處，使一個詐敗，他纔趕到岸上。見師兄舉著棍子，他就跑了。」,八戒:道:三藏,1
會金頭揭諦道：「這山是誰的？」,揭諦:道:山神、土地與五方揭諦神眾,1
六怪領命，一個個廝拖廝扯，徑出門去了。,六怪:領命:紅孩兒,1
玄奘領了師父言語，就做化緣的和尚，徑至江洲。,玄奘:領:長老,1
只見狂風滾滾，擁出五六十個妖邪，將三藏、從者揪了上去。,妖邪:揪:三藏、從者,-1
八戒道：「見甚麼寶貝，只是一井水！」,八戒:道:行者,1
眾仙卿叫聲「謝恩！」,仙卿們:叫聲:玉皇大帝,1
行者道：「你等既受他節制，常在他洞下，可知他是那裏妖精，叫做甚麼名字？」,行者:道:眾神,1
他道：「不是。只因這二十年前，民遭亢旱，天無點雨，地絕穀苗，不論君臣黎庶，大小人家，家家沐浴焚香，戶戶拜天求雨。正都在倒懸捱命之處，忽然天降下三個仙長來，俯救生靈。」,道士:道:行者,1
八戒又在梁上喊道：「不好了！不好了！拴的是假貨，吊的是正身！」,八戒:喊道:金角、銀角,1
行者道：「怎麼就有許多山神、土地？」,行者:道:眾神,1
八戒依言，徑轉東岸。,八戒:依言:沙僧,1
遂著魏徵與蕭瑀、張道源，邀請諸佛，選舉一名有大德行者作壇主，設建道場。,唐王:著:魏徵、蕭瑀、張道源,1
悟空道：「我只站下不動，任你砍幾劍罷。」,孙悟空:道:哪吒,1
領眾殺進洞中，將那大小妖精，盡皆剿滅。,小猴:剿滅:小妖,-1
這猴王整衣端肅，隨童子徑入洞天深處觀看：一層層深閣瓊樓，一進進珠宮貝闕，說不盡那靜室幽居，直至瑤臺之下。,美猴王:隨:仙童,1
——徑撞進去，見唐僧道：「師父，來了！來了！」,行者:道:三藏,1
那三藏分毫不受，只是倒換關文，催悟空等背馬早行。,三藏:催:行者,1
行者道：「老兒，莫替古人躭憂。我師父管他不死長命。老孫知道，決然是那靈感大王弄法算計去了。你且放心，與我們漿漿衣服，晒晒關文，取草料餵著白馬，等我弟兄尋著那廝，救出師父，索性剪草除根，替你一莊人除了後患，庶幾永遠得安生也。」,行者:道:老者,1
行者暗笑道：「真個要來弄老孫哩！」,行者:笑道:怪,1
那怪走上前，雙膝跪下，背著手，對三藏叩頭，高叫道：「師父，弟子失迎。早知是師父住在我丈人家，我就來拜接，怎麼又受到許多周折？」,怪:磕頭道:三藏,1
太宗道：「寡人空身到此，卻那裏得有錢鈔？」,唐王:道:崔玨,1
那大聖纔和八戒攜手駕雲，離了洞，過了東洋大海，至西岸，住雲光，叫道：「兄弟，你且在此慢行，等我下海去淨淨身子。」,行者:道:八戒,1
行者聞言道：「你這廝原來是天蓬水神下界。怪道知我老孫名號。」,行者:道:怪,-1
丞相道：「夫人休得煩惱，來朝奏知主上，親自統兵，定要與女婿報仇。」,丞相: 道:夫人,1
八戒道：「中他甚計？」,八戒:道:行者,1
國王道：「師父啊，到西天經回之日，是必還到寡人界內一顧。」,皇帝:道:三藏,1
說不了，卻遇天王早到，迎著行者道：「久濶，久濶。前聞觀音菩薩來見玉帝，借了四值功曹、六丁六甲並揭諦等，保護唐僧往西天取經去，說你與他做了徒弟，今日怎麼得閑到此？」,天王:道:孙悟空,1
洞主道：「你不曉得。喫了他不打緊，只恐怕他那兩個徒弟上門吵鬧，未為穩便。且把他綁在後園定風樁上，待三五日，他兩個不來攪擾，那時節，一則圖他身子乾淨，二來不動口舌，卻不任我們心意？或煮或蒸，或煎或炒，慢慢的自在受用不遲。」,洞主:道:猛虎,1
行者聞言，忍不住喝了一聲道：「這個臊道童！人也不認得，你在那個面前搗鬼，扯甚麼空心架子！那彌羅宮有誰是太乙天仙？請你這潑牛蹄子去講甚麼！」,行者:喝道:清風、明月,-1
眾犯謝恩而退。,眾犯:謝恩:唐王,1
那怪道聲「哏！你這誑上的弼馬溫，當年撞那禍時，不知帶累我等多少，今日又來此欺人！不要無禮！喫我一鈀！」,怪:道:行者,-1
好大聖，急縱身又要跳出，被佛祖翻掌一撲，把這猴王推出西天門外，將五指化作金、木、水、火、土五座聯山，喚名『五行山』，輕輕的把他壓住。,如來佛祖:翻掌一撲:孫悟空,-1
行者道：「莫成是丫頭的頭，和尚的身子？弄的這等不男不女，卻怎生是好？你可佈起罡來。」,行者:道:八戒,1
道士說：「陛下，我等至此，匡扶社稷，保國安民，苦歷二十年來，今日這和尚弄法力，抓了丟去，敗了我們聲名，陛下以一場之雨，就恕殺人之罪，可不輕了我等也？望陛下且留住他的關文，讓我兄弟與他再賭一賭，看是何如。」,道士:道:國王,1
國王道：「鄉老且退，就有雨來也。」,國王:道:鄉老,1
沙僧道：「是個燈草做的，想被一風捲去也。」,沙僧:道:行者,1
行者趕得將近，喝道：「那怪物，那裏去！老孫來了也！」,行者:喝道:魔王,-1
行者道：「管他甚麼轉風不轉風，且走路。」,行者:道:八戒,1
行者見了他，大咤一聲：「休走！還我馬來！」,孫悟空:大咤一聲:龍,-1
行者道：「當真的裝天。」,行者:道:伶俐蟲,1
那土地連忙施禮，即呼那一班鋤樹力士、運水力士、修桃力士、打掃力士都來見大聖磕頭，引他進去。,土地:即呼:鋤樹力士,1
行者又吩咐：「叫聲『寂』字，還你收了。」,行者:吩咐:眾僧,1
忽被祖師看見，叫孫悟空道：「你在班中，怎麼顛狂躍舞，不聽我講？」,菩提祖師:道:孫悟空,1
大聖道：「此言也是，難怪汝等。你且立下，待老孫先去打聽個消息，看可請老孫不請。」,孫悟空:道:七衣仙女,1
菩薩放蓮花罩定妖魔，坐在背上，踏祥光辭了行者。,文殊菩薩:辭:行者,1
龍王道：「元帥，近聞你得了性命，皈依釋教，保唐僧西天取經，如何得到此處？」,井龍王:道:八戒,1
妖精道：「你起來，跟我進那洞裏見洞主，與你說個人情，你陪一個禮，把你師父討出來罷。」,紅孩兒:道:八戒,1
兩個道士笑道：「你怎麼就有許多親？」,道士:笑道:行者,1
三藏問道：「怎麼說？」,三藏:問道:行者,1
八戒道：「你這膿包，怎的早不皈依，只管要與我打？是何說話！」,八戒:道:悟淨,1
行者道：「不要胡說！你看我出去。」,行者:道:八戒,1
那龍王兄弟，帥眾水族，望妖精火光裏噴下雨來。,龍王兄弟，帥眾水族:噴:紅孩兒,-1
即差四大天王，協同李天王並哪吒太子，點二十八宿、九曜星官、十二元辰、五方揭諦、四值功曹、東西星斗、南北二神、五岳四瀆、普天星相，共十萬天兵，佈一十八架天羅地網下界，去花果山圍困，定捉獲那廝處治。,玉帝:差:四大天王,1
妖王問：「是那四日？」,妖王:問:行者,1
行者聞言，卻謝了菩薩。,行者:謝:菩薩,1
那菩薩即穿袈裟，添香迎接。,菩薩:迎接:行者,1
卻說行者取了辟火罩，一觔斗送上南天門，交與廣目天王道：「謝借！謝借！」,孫悟空:道:天王,1
行者道：「不可十分遠遁。聽我城中消息。但有招僧榜出，就進城還我毫毛也。」,行者:道:眾僧,1
那怪道：「奉我大王教命，拿孫行者去的。」,精細鬼:道:行者,1
眾僧道：「他會摶砂煉汞，打坐存神，指水為油，點石成金。如今興蓋三清觀宇，對天地晝夜看經懺悔，祈君王萬年不老，所以就把君心惑動了。」,眾僧:道:行者,1
那孫大聖坐在中間，問道：「我兒，請我來有何事幹？」,行者:問道:金角、銀角,1
行者道：「你不馱，我回去耶。」,行者:道:八戒,1
沙僧道：「師兄放心前去，我等俱理會得了。」,沙僧:道:行者,1
菩薩問曰：「你怎麼不保唐僧？為甚事又來見我？」,菩薩:問曰:行者,1
你看他六隻手，使著三根棒，一路打將去，好便似虎入羊群，鷹來雞柵；可憐那小怪，湯著的，頭如粉碎；刮著的，血似水流！,行者:打:小妖,-1
坐定茶罷，有一老嫗，領著一個媳婦，對三藏進禮。,媳婦:進禮:三藏,1
八戒道：「甚麼鬼！這叫做『當面人情鬼』！樹死了，又可醫得活！他弄個光皮散兒好看，者著求醫治樹，單單了脫身走路，還顧得你和我哩！」,八戒:道:沙僧,1
那孫行者攙起唐僧道：「師父，你莫害怕。且坐住，等老孫助助八戒去，打倒那怪好走。」,行者:攙:三藏,1
那土地連忙施禮，即呼那一班鋤樹力士、運水力士、修桃力士、打掃力士都來見大聖磕頭，引他進去。,土地:即呼:運水力士,1
魔王見了，笑道：「你身不滿四尺，年不過三旬，手內又無兵器，怎麼大膽猖狂，要尋我見甚麼上下？」,魔王:笑道:孫悟空,1
眼中滴淚道：「孩兒！我與你久不相見，怎麼今日來宮問此？」,太子:道:娘娘,1
行者卻道：「菩薩啊，那怪物不怕痛，還拔刀哩。」,行者:道:菩薩,1
三藏道：「既如此，你兄弟們喫些素酒也罷。只是不許醉飲誤事。」,三藏:道:行者、八戒,1
行者道：「山神、土地，你既在這洞中當值，那放光的是甚物件？」,行者:道:山神、土地,1
行者認得他是妖精，更不理論，舉棒照頭便打。,行者:打:妖精,-1
龍王聞言道：「原來如此。先生，你前者所放金色鯉魚，即我也。你是救我的恩人，你今有難，我豈有不救你之理？」,龍王:聞言:光蕊,1
菩薩道：「我記得。」,菩薩:道:唐王,1
猴王道：「你知那三等人？」,美猴王:道:通背猿猴,1
他把那金丹噙在嗉袋裏，被老祖捻著道：「去罷！去罷！再休來此纏繞！」,太上老君:捻著道:行者,1
行者當頭喝道：「敖廣！那裏去？」,行者:道:敖廣,1
沙僧近前跪下道：「哥啊，古人云：『不看僧面看佛面。』兄長既是到此，萬望救他一救。若是我們能救，也不敢許遠的來奉請你也。」,沙僧:跪下道:行者,1
三藏依言下馬。,三藏:依言:行者,1
太宗就命為江州州主，即令收拾起身，勿悞限期。,太宗:命為:光蕊,1
八戒道：「你好白使人？果然沒錢，不馱！」,八戒:道:井龍王,1
小妖大驚道：「罷！罷！罷！放了天罷。我們曉得是這樣裝了。若弄一會子，落下海去，不得歸家！」,精細鬼、伶俐蟲:驚道:行者,1
三藏正在此羞慚，行者又發起性來，掣鐵棒，望妖精劈臉一下。,行者:劈:妖精,1
判官道：「陛下，那些人都是那六十四處煙塵，七十二處草寇，眾王子、眾頭目的鬼魂；盡是枉死的冤業，無收無管，不得超生，又無錢鈔盤纏，都是孤寒餓鬼。陛下得些錢鈔與他，我纔救得哩。」,崔玨:道:唐王,1
三藏聽說，喫了一驚，埋怨行者道：「都是你！都是你！」,三藏:埋怨道:孙悟空,-1
老怪問道：「你是那裏來的？」,女怪:問道:行者,1
行者道：「放心，放心，等我去看來。」,孫悟空:道:三藏,1
這行者保護了三藏。,行者:保護:三藏,1
那院主慌忙跪下道：「老爺，我師父是人；只因那黑大王修成人道，常來寺裏與我師父講經，他傳了我師父些養神服氣之術，故以朋友相稱。」,院主:道:三藏,1
