lines,tags
"['先', '娶', '王', '女', '，', '早', '卒', '。', '再', '娶', '柳', '氏', '，', '華', '原', '郡', '君', '，', '亦', '先', '公', '歿', '。', '子', '六', '人', '：', '裼', '，', '國', '子', '博', '士', '；', '扆', '，', '太', '子', '中', '舍', '；', '裳', '，', '秘', '書', '省', '校', '書', '郎', '，', '早', '卒', '；', '衷', '、', '裔', '，', '并', '秘', '書', '省', '正', '字', '。', '女', '六', '人', '，', '適', '太', '廟', '齋', '郎', '陳', '邈', '，', '秀', '州', '推', '官', '張', '行', '先', '，', '左', '藏', '庫', '副', '使', '李', '昭', '用', '，', '太', '子', '中', '舍', '李', '備', '，', '太', '常', '寺', '太', '祝', '呂', '希', '俊', '，', '鄧', '州', '內', '鄉', '縣', '尉', '向', '紘', '。', '孫', '男', '十', '一', '人', '：', '詳', '，', '陳', '州', '商', '水', '令', '；', '謫', '，', '齊', '州', '歷', '城', '主', '簿', '；', '評', '，', '進', '士', '及', '第', '；', '誦', '，', '奉', '禮', '郎', '；', '諫', '、', '讜', '，', '將', '作', '監', '主', '簿', '；', '詵', '、', '該', '、', '詢', '、', '誠', '，', '并', '幼', '。']","['O', 'O', 'B-W1', 'I-W1', 'O', 'O', 'O', 'O', 'O', 'O', 'B-W2', 'I-W2', 'O', 'O', 'O', 'O', 'O', 'O', 'O', 'O', 'O', 'O', 'O', 'O', 'O', 'O', 'O', 'B-S', 'O', 'O', 'O', 'O', 'O', 'O', 'B-S', 'O', 'O', 'O', 'O', 'O', 'O', 'B-S', 'O', 'O', 'O', 'O', 'O', 'O', 'O', 'O', 'O', 'O', 'O', 'B-S', 'O', 'B-S', 'O', 'O', 'O', 'O', 'O', 'O', 'O', 'O', 'O', 'O', 'O', 'O', 'O', 'O', 'O', 'O', 'O', 'B-DH', 'I-DH', 'O', 'O', 'O', 'O', 'O', 'B-DH', 'I-DH', 'I-DH', 'O', 'O', 'O', 'O', 'O', 'O', 'B-DH', 'I-DH', 'I-DH', 'O', 'O', 'O', 'O', 'O', 'B-DH', 'I-DH', 'O', 'O', 'O', 'O', 'O', 'O', 'O', 'B-DH', 'I-DH', 'O', 'O', 'O', 'O', 'O', 'O', 'O', 'B-DH', 'I-DH', 'O', 'O', 'O', 'O', 'O', 'O', 'O', 'B-SS', 'O', 'O', 'O', 'O', 'O', 'O', 'O', 'B-SS', 'O', 'O', 'O', 'O', 'O', 'O', 'O', 'O', 'B-SS', 'O', 'O', 'O', 'O', 'O', 'O', 'B-SS', 'O', 'O', 'O', 'O', 'O', 'B-SS', 'O', 'B-SS', 'O', 'O', 'O', 'O', 'O', 'O', 'O', 'B-SS', 'O', 'B-SS', 'O', 'B-SS', 'O', 'B-SS', 'O', 'O', 'O', 'O']"
"['曾', '王', '妣', '潘', '氏', '，', '王', '妣', '楊', '氏', '、', '白', '氏', '，', '妣', '邊', '氏', '、', '繼', '母', '劉', '氏', '，', '追', '封', '魯', '、', '韓', '、', '燕', '、', '陳', '、', '魏', '五', '國', '太', '夫', '人', '。', '配', '時', '氏', '，', '卒', '公', '約', '時', '，', '子', '東', '之', '請', '諸', '朝', '，', '追', '封', '永', '嘉', '郡', '夫', '人', '。', '繼', '室', '榮', '國', '夫', '人', '皇', '甫', '氏', '。', '皆', '有', '德', '禮', '，', '式', '憲', '宗', '姻', '。', '三', '子', '：', '曰', '東', '之', '，', '尚', '書', '工', '部', '郎', '中', '、', '天', '章', '閣', '待', '制', '；', '徽', '之', '，', '度', '支', '員', '外', '郎', '、', '京', '西', '轉', '運', '使', '；', '皆', '以', '才', '進', '，', '著', '名', '跡', '，', '稱', '賢', '士', '大', '夫', '，', '不', '藉', '世', '家', '。', '幼', '輔', '之', '，', '太', '常', '寺', '太', '祝', '。', '六', '女', '：', '長', '歸', '國', '子', '博', '士', '向', '絳', '，', '次', '祠', '部', '員', '外', '、', '集', '賢', '校', '理', '張', '充', '，', '次', '太', '常', '博', '士', '王', '端', '，', '次', '未', '有', '行', '而', '亡', '，', '次', '歸', '大', '理', '評', '事', '陳', '襲', '古', '，', '次', '在', '室', '。', '諸', '孫', '、', '曾', '孫', '十', '一', '人', '。']","['O', 'O', 'O', 'B-FFM', 'I-FFM', 'O', 'O', 'O', 'B-FM', 'I-FM', 'O', 'O', 'O', 'O', 'O', 'B-M', 'I-M', 'O', 'O', 'O', 'O', 'O', 'O', 'O', 'O', 'O', 'O', 'O', 'O', 'O', 'O', 'O', 'O', 'O', 'O', 'O', 'O', 'O', 'O', 'O', 'O', 'B-W1', 'I-W1', 'O', 'O', 'O', 'O', 'O', 'O', 'O', 'O', 'O', 'O', 'O', 'O', 'O', 'O', 'O', 'O', 'O', 'O', 'O', 'O', 'O', 'O', 'O', 'O', 'O', 'O', 'O', 'B-W2', 'I-W2', 'I-W2', 'O', 'O', 'O', 'O', 'O', 'O', 'O', 'O', 'O', 'O', 'O', 'O', 'O', 'O', 'O', 'B-S', 'I-S', 'O', 'O', 'O', 'O', 'O', 'O', 'O', 'O', 'O', 'O', 'O', 'O', 'O', 'O', 'B-S', 'I-S', 'O', 'O', 'O', 'O', 'O', 'O', 'O', 'O', 'O', 'O', 'O', 'O', 'O', 'O', 'O', 'O', 'O', 'O', 'O', 'O', 'O', 'O', 'O', 'O', 'O', 'O', 'O', 'O', 'O', 'O', 'O', 'O', 'O', 'O', 'B-S', 'I-S', 'O', 'O', 'O', 'O', 'O', 'O', 'O', 'O', 'O', 'O', 'O', 'O', 'O', 'O', 'O', 'O', 'O', 'B-DH', 'O', 'O', 'O', 'O', 'O', 'O', 'O', 'O', 'O', 'O', 'O', 'B-DH', 'I-DH', 'O', 'O', 'O', 'O', 'O', 'O', 'B-DH', 'I-DH', 'O', 'O', 'O', 'O', 'O', 'O', 'O', 'O', 'O', 'O', 'O', 'O', 'O', 'O', 'B-DH', 'I-DH', 'I-DH', 'O', 'O', 'O', 'O', 'O', 'O', 'O', 'O', 'O', 'O', 'O', 'O', 'O', 'O']"
"['公', '諱', '夷', '簡', '，', '字', '坦', '夫', '，', '文', '穆', '公', '之', '從', '子', '。', '太', '嶽', '之', '後', '，', '流', '光', '源', '深', '。', '大', '王', '父', '夢', '奇', '，', '唐', '兵', '部', '侍', '郎', '、', '北', '京', '副', '留', '守', '，', '以', '文', '穆', '貴', '，', '追', '贈', '太', '師', '。', '王', '父', '龜', '祥', '，', '以', '殿', '省', '丞', '守', '壽', '春', '，', '有', '善', '政', '，', '沒', '，', '因', '家', '焉', '。', '其', '配', '秦', '國', '夫', '人', '扶', '風', '馬', '氏', '，', '太', '子', '少', '保', '忠', '肅', '公', '亮', '之', '女', '。', '婦', '體', '順', '而', '正', '，', '母', '道', '慈', '以', '嚴', '。', '公', '在', '許', '昌', '，', '夫', '人', '以', '歿', '。', '及', '鄭', '展', '墓', '也', '，', '且', '將', '葬', '夫', '人', '，', '卜', '有', '日', '矣', '，', '而', '公', '薨', '，', '即', '以', '慶', '曆', '四', '年', '十', '一', '月', '壬', '申', '，', '祔', '於', '新', '鄭', '陪', '先', '兆', '，', '君', '子', '以', '爲', '知', '命', '。', '七', '子', '：', '公', '綽', '，', '兵', '部', '員', '外', '郎', '、', '史', '館', '修', '撰', '；', '公', '弼', '，', '度', '支', '員', '外', '郎', '、', '三', '司', '鹽', '鐵', '判', '官', '；', '公', '著', '、', '公', '孺', '，', '并', '太', '常', '博', '士', '，', '操', '行', '器', '識', '，', '儒', '學', '吏', '用', '，', '維', '其', '似', '之', '，', '必', '復', '大', '顯', '；', '公', '餗', '，', '贈', '右', '贊', '善', '大', '夫', '；', '餘', '早', '夭', '。', '二', '女', '：', '長', '適', '司', '封', '郎', '中', '雍', '，', '文', '正', '公', '子', '也', '，', '次', '不', '育', '。']","['O', 'O', 'O', 'O', 'O', 'O', 'O', 'O', 'O', 'O', 'O', 'O', 'O', 'O', 'O', 'O', 'O', 'O', 'O', 'O', 'O', 'O', 'O', 'O', 'O', 'O', 'O', 'O', 'O', 'B-FFF', 'I-FFF', 'O', 'O', 'O', 'O', 'O', 'O', 'O', 'O', 'O', 'O', 'O', 'O', 'O', 'O', 'O', 'O', 'O', 'O', 'O', 'O', 'O', 'O', 'O', 'O', 'O', 'B-FF', 'I-FF', 'O', 'O', 'O', 'O', 'O', 'O', 'O', 'O', 'O', 'O', 'O', 'O', 'O', 'O', 'O', 'O', 'O', 'O', 'O', 'O', 'O', 'O', 'O', 'O', 'O', 'B-W1', 'I-W1', 'I-W1', 'I-W1', 'O', 'O', 'O', 'O', 'O', 'O', 'O', 'O', 'O', 'O', 'O', 'O', 'O', 'O', 'O', 'O', 'O', 'O', 'O', 'O', 'O', 'O', 'O', 'O', 'O', 'O', 'O', 'O', 'O', 'O', 'O', 'O', 'O', 'O', 'O', 'O', 'O', 'O', 'O', 'O', 'O', 'O', 'O', 'O', 'O', 'O', 'O', 'O', 'O', 'O', 'O', 'O', 'O', 'O', 'O', 'O', 'O', 'O', 'O', 'O', 'O', 'O', 'O', 'O', 'O', 'O', 'O', 'O', 'O', 'O', 'O', 'O', 'O', 'O', 'O', 'O', 'O', 'O', 'O', 'O', 'O', 'O', 'O', 'O', 'O', 'B-S', 'I-S', 'O', 'O', 'O', 'O', 'O', 'O', 'O', 'O', 'O', 'O', 'O', 'O', 'B-S', 'I-S', 'O', 'O', 'O', 'O', 'O', 'O', 'O', 'O', 'O', 'O', 'O', 'O', 'O', 'O', 'B-S', 'I-S', 'O', 'B-S', 'I-S', 'O', 'O', 'O', 'O', 'O', 'O', 'O', 'O', 'O', 'O', 'O', 'O', 'O', 'O', 'O', 'O', 'O', 'O', 'O', 'O', 'O', 'O', 'O', 'O', 'O', 'O', 'O', 'B-S', 'I-S', 'O', 'O', 'O', 'O', 'O', 'O', 'O', 'O', 'O', 'O', 'O', 'O', 'O', 'O', 'O', 'O', 'O', 'O', 'O', 'O', 'O', 'O', 'O', 'B-DH', 'I-DH', 'I-DH', 'I-DH', 'O', 'O', 'O', 'O', 'O', 'O']"
"['公', '生', '幾', '歲', '，', '始', '有', '賢', '子', '革', '。', '革', '，', '咸', '平', '三', '年', '以', '鄉', '貢', '進', '士', '中', '第', '，', '始', '以', '禄', '榮', '其', '親', '。', '後', '幾', '歲', '，', '夫', '人', '楚', '氏', '，', '某', '人', '女', '，', '其', '賢', '爲', '公', '之', '配', '，', '後', '公', '以', '卒', '。']","['O', 'O', 'O', 'O', 'O', 'O', 'O', 'O', 'O', 'B-S', 'O', 'O', 'O', 'O', 'O', 'O', 'O', 'O', 'O', 'O', 'O', 'O', 'O', 'O', 'O', 'O', 'O', 'O', 'O', 'O', 'O', 'O', 'O', 'O', 'O', 'O', 'O', 'O', 'B-W1', 'I-W1', 'O', 'O', 'O', 'O', 'O', 'O', 'O', 'O', 'O', 'O', 'O', 'O', 'O', 'O', 'O', 'O', 'O']"
"['自', '其', '高', '祖', '諱', '墉', '，', '唐', '咸', '通', '中', '舉', '進', '士', '，', '卒', '官', '江', '西', '，', '始', '著', '籍', '於', '高', '安', '，', '其', '後', '三', '世', '不', '顯', '。', '曾', '祖', '諱', '延', '昌', '，', '又', '徙', '其', '籍', '於', '臨', '川', '。', '祖', '諱', '郜', '，', '追', '封', '英', '國', '公', '。', '考', '諱', '固', '，', '追', '封', '秦', '國', '公', '。', '自', '曾', '祖', '已', '下', '，', '皆', '用', '公', '貴', '，', '累', '贈', '開', '府', '儀', '同', '三', '司', '、', '太', '師', '、', '中', '書', '令', '兼', '尚', '書', '令', '。', '曾', '祖', '妣', '張', '氏', '，', '陳', '國', '太', '夫', '人', '。', '祖', '妣', '傅', '氏', '，', '許', '國', '太', '夫', '人', '。', '妣', '吳', '氏', '，', '唐', '國', '太', '夫', '人', '。', '故', '其', '薨', '也', '，', '天', '子', '尤', '哀', '悼', '之', '，', '賜', '予', '加', '等', '，', '以', '其', '子', '承', '裕', '爲', '崇', '文', '院', '檢', '討', '，', '孫', '及', '甥', '之', '未', '官', '者', '九', '人', '，', '皆', '命', '以', '官', '。', '公', '初', '娶', '李', '氏', '，', '工', '部', '侍', '郎', '虛', '己', '之', '女', '；', '次', '孟', '氏', '，', '屯', '田', '員', '外', '郎', '虛', '舟', '之', '女', '，', '封', '鉅', '鹿', '郡', '夫', '人', '；', '次', '王', '氏', '，', '太', '師', '、', '尚', '書', '令', '超', '之', '女', '，', '封', '榮', '國', '夫', '人', '。', '子', '八', '人', '：', '長', '曰', '居', '厚', '，', '大', '理', '評', '事', '，', '早', '卒', '；', '次', '承', '裕', '，', '尚', '書', '屯', '田', '員', '外', '郎', '；', '宣', '禮', '，', '贊', '善', '大', '夫', '；', '崇', '讓', '，', '著', '作', '佐', '郎', '；', '明', '遠', '、', '祗', '德', '，', '皆', '大', '理', '評', '事', '；', '幾', '道', '、', '傳', '正', '，', '皆', '太', '常', '寺', '太', '祝', '。', '女', '六', '人', '，', '長', '適', '戶', '部', '侍', '郎', '、', '同', '中', '書', '門', '下', '平', '章', '事', '富', '弼', '，', '次', '適', '禮', '部', '侍', '郎', '、', '三', '司', '使', '楊', '察', '，', '其', '四', '尚', '幼', '。', '孫', '十', '有', '二', '人', '。']","['O', 'O', 'O', 'O', 'B-G-n', 'I-G-n', 'O', 'O', 'O', 'O', 'O', 'O', 'O', 'O', 'O', 'O', 'O', 'O', 'O', 'O', 'O', 'O', 'O', 'O', 'O', 'O', 'O', 'O', 'O', 'O', 'O', 'O', 'O', 'O', 'O', 'O', 'O', 'B-FFF', 'I-FFF', 'O', 'O', 'O', 'O', 'O', 'O', 'O', 'O', 'O', 'O', 'B-FF', 'I-FF', 'O', 'O', 'O', 'O', 'O', 'O', 'O', 'O', 'O', 'B-F', 'O', 'O', 'O', 'O', 'O', 'O', 'O', 'O', 'O', 'O', 'O', 'O', 'O', 'O', 'O', 'O', 'O', 'O', 'O', 'O', 'O', 'O', 'O', 'O', 'O', 'O', 'O', 'O', 'O', 'O', 'O', 'O', 'O', 'O', 'O', 'O', 'O', 'O', 'O', 'O', 'O', 'B-WFFF', 'I-WFFF', 'O', 'O', 'O', 'O', 'O', 'O', 'O', 'O', 'O', 'B-WFF', 'I-WFF', 'O', 'O', 'O', 'O', 'O', 'O', 'O', 'O', 'B-M', 'I-M', 'O', 'O', 'O', 'O', 'O', 'O', 'O', 'O', 'O', 'O', 'O', 'O', 'O', 'O', 'O', 'O', 'O', 'O', 'O', 'O', 'O', 'O', 'O', 'O', 'O', 'O', 'O', 'O', 'O', 'O', 'O', 'O', 'O', 'O', 'O', 'O', 'O', 'O', 'O', 'O', 'O', 'O', 'O', 'O', 'O', 'O', 'O', 'O', 'O', 'O', 'O', 'O', 'O', 'O', 'B-W1', 'I-W1', 'O', 'O', 'O', 'O', 'O', 'O', 'O', 'O', 'O', 'O', 'O', 'B-W2', 'I-W2', 'O', 'O', 'O', 'O', 'O', 'O', 'O', 'O', 'O', 'O', 'O', 'O', 'O', 'O', 'O', 'O', 'O', 'O', 'O', 'B-W2', 'I-W2', 'O', 'O', 'O', 'O', 'O', 'O', 'O', 'O', 'O', 'O', 'O', 'O', 'O', 'O', 'O', 'O', 'O', 'O', 'O', 'O', 'O', 'O', 'O', 'B-S', 'I-S', 'O', 'O', 'O', 'O', 'O', 'O', 'O', 'O', 'O', 'O', 'B-S', 'I-S', 'O', 'O', 'O', 'O', 'O', 'O', 'O', 'O', 'O', 'B-S', 'I-S', 'O', 'O', 'O', 'O', 'O', 'O', 'B-S', 'I-S', 'O', 'O', 'O', 'O', 'O', 'O', 'B-S', 'I-S', 'O', 'B-S', 'I-S', 'O', 'O', 'O', 'O', 'O', 'O', 'O', 'B-S', 'I-S', 'O', 'B-S', 'I-S', 'O', 'O', 'O', 'O', 'O', 'O', 'O', 'O', 'O', 'O', 'O', 'O', 'O', 'O', 'O', 'O', 'O', 'O', 'O', 'O', 'O', 'O', 'O', 'O', 'O', 'O', 'O', 'B-DH', 'I-DH', 'O', 'O', 'O', 'O', 'O', 'O', 'O', 'O', 'O', 'O', 'O', 'B-DH', 'I-DH', 'O', 'O', 'O', 'O', 'O', 'O', 'O', 'O', 'O', 'O', 'O', 'O']"
"['皇', '曾', '祖', '諱', '言', '，', '滑', '州', '黎', '陽', '令', '，', '追', '封', '許', '國', '公', '。', '皇', '祖', '諱', '徹', '，', '左', '拾', '遺', '，', '追', '封', '魯', '國', '公', '。', '皇', '考', '諱', '祜', '，', '尚', '書', '兵', '部', '侍', '郎', '，', '追', '封', '晉', '國', '公', '。', '皆', '累', '贈', '太', '師', '、', '尚', '書', '令', '兼', '中', '書', '令', '。', '曾', '祖', '妣', '姚', '氏', '，', '魯', '國', '夫', '人', '。', '祖', '妣', '田', '氏', '，', '秦', '國', '夫', '人', '。', '妣', '任', '氏', '，', '徐', '國', '夫', '人', '；', '邊', '氏', '，', '秦', '國', '夫', '人', '。', '公', '之', '皇', '考', '以', '文', '章', '自', '顯', '漢', '、', '周', '之', '際', '，', '逮', '事', '太', '祖', '、', '太', '宗', '，', '爲', '名', '臣', '。']","['O', 'O', 'O', 'O', 'B-FFF', 'O', 'O', 'O', 'O', 'O', 'O', 'O', 'O', 'O', 'O', 'O', 'O', 'O', 'O', 'O', 'O', 'B-FF', 'O', 'O', 'O', 'O', 'O', 'O', 'O', 'O', 'O', 'O', 'O', 'O', 'O', 'O', 'B-F', 'O', 'O', 'O', 'O', 'O', 'O', 'O', 'O', 'O', 'O', 'O', 'O', 'O', 'O', 'O', 'O', 'O', 'O', 'O', 'O', 'O', 'O', 'O', 'O', 'O', 'O', 'O', 'O', 'O', 'O', 'O', 'B-WFFF', 'I-WFFF', 'O', 'O', 'O', 'O', 'O', 'O', 'O', 'O', 'B-WFF', 'I-WFF', 'O', 'O', 'O', 'O', 'O', 'O', 'O', 'B-WF', 'I-WF', 'O', 'O', 'O', 'O', 'O', 'O', 'B-WF', 'I-WF', 'O', 'O', 'O', 'O', 'O', 'O', 'O', 'O', 'O', 'O', 'O', 'O', 'O', 'O', 'O', 'O', 'O', 'O', 'O', 'O', 'O', 'O', 'O', 'O', 'O', 'O', 'O', 'O', 'O', 'O', 'O', 'O', 'O']"
"['曾', '祖', '諱', '新', '，', '贈', '太', '師', '。', '曾', '祖', '妣', '吳', '國', '夫', '人', '齊', '氏', '。', '祖', '諱', '贊', '明', '，', '贈', '太', '師', '、', '中', '書', '令', '。', '祖', '妣', '秦', '國', '夫', '人', '吳', '氏', '。', '考', '諱', '元', '白', '，', '袁', '州', '宜', '春', '令', '，', '贈', '太', '師', '、', '中', '書', '令', '兼', '尚', '書', '令', '、', '冀', '國', '公', '。', '妣', '晉', '國', '夫', '人', '楚', '氏', '。', '娶', '陳', '氏', '，', '封', '衛', '國', '夫', '人', '。', '子', '男', '四', '人', '：', '曰', '嗣', '隆', '，', '太', '常', '博', '士', '；', '嗣', '弼', '，', '殿', '中', '丞', '；', '嗣', '恭', '，', '太', '常', '博', '士', '；', '嗣', '先', '，', '大', '理', '寺', '丞', '。', '女', '五', '人', '，', '皆', '適', '良', '族', '。', '謹', '按', '程', '氏', '之', '先', '，', '出', '自', '重', '黎', '。', '至', '休', '父', '，', '爲', '周', '司', '馬', '，', '國', '於', '程', '，', '其', '後', '子', '孫', '遂', '以', '爲', '氏', '。']","['O', 'O', 'O', 'B-FFF', 'O', 'O', 'O', 'O', 'O', 'O', 'O', 'O', 'O', 'O', 'O', 'O', 'B-WFFF', 'I-WFFF', 'O', 'O', 'O', 'B-FF', 'I-FF', 'O', 'O', 'O', 'O', 'O', 'O', 'O', 'O', 'O', 'O', 'O', 'O', 'O', 'O', 'O', 'B-WFF', 'I-WFF', 'O', 'O', 'O', 'B-F', 'I-F', 'O', 'O', 'O', 'O', 'O', 'O', 'O', 'O', 'O', 'O', 'O', 'O', 'O', 'O', 'O', 'O', 'O', 'O', 'O', 'O', 'O', 'O', 'O', 'O', 'O', 'O', 'O', 'O', 'B-WF', 'I-WF', 'O', 'O', 'B-WF', 'I-WF', 'O', 'O', 'O', 'O', 'O', 'O', 'O', 'O', 'O', 'O', 'O', 'O', 'O', 'B-S', 'I-S', 'O', 'O', 'O', 'O', 'O', 'O', 'B-S', 'I-S', 'O', 'O', 'O', 'O', 'O', 'B-S', 'I-S', 'O', 'O', 'O', 'O', 'O', 'O', 'B-S', 'I-S', 'O', 'O', 'O', 'O', 'O', 'O', 'O', 'O', 'O', 'O', 'O', 'O', 'O', 'O', 'O', 'O', 'O', 'O', 'O', 'O', 'O', 'O', 'O', 'O', 'O', 'O', 'O', 'O', 'O', 'O', 'O', 'O', 'O', 'O', 'O', 'O', 'O', 'O', 'O', 'O', 'O', 'O', 'O', 'O', 'O', 'O', 'O', 'O', 'O']"
"['公', '世', '爲', '中', '山', '博', '野', '人', '。', '曾', '祖', '諱', '某', '。', '祖', '諱', '某', '，', '贈', '太', '師', '。', '祖', '妣', '齊', '氏', '，', '吴', '國', '夫', '人', '。', '考', '諱', '某', '，', '贈', '太', '師', '、', '中', '書', '令', '。', '妣', '吳', '氏', '，', '秦', '國', '夫', '人', '。', '當', '唐', '末', '五', '代', '，', '天', '下', '亂', '於', '兵', '，', '程', '氏', '再', '世', '不', '仕', '。', '後', '唐', '長', '興', '三', '年', '，', '公', '之', '皇', '考', '以', '神', '童', '舉', '，', '官', '至', '太', '子', '贊', '善', '大', '夫', '。', '宋', '興', '於', '今', '百', '年', '，', '而', '程', '氏', '亦', '再', '顯', '。', '太', '平', '興', '國', '初', '，', '公', '之', '從', '祖', '羽', '，', '佐', '太', '宗', '自', '晉', '王', '即', '皇', '帝', '位', '，', '爲', '文', '明', '殿', '學', '士', '，', '官', '至', '兵', '部', '侍', '郎', '。', '今', '相', '國', '太', '師', '出', '入', '將', '相', '，', '爲', '時', '名', '臣', '。', '子', '孫', '蕃', '昌', '，', '世', '族', '昭', '著', '。', '推', '其', '所', '自', '來', '者', '遠', '矣', '。', '夫', '人', '楚', '氏', '，', '追', '封', '晉', '國', '夫', '人', '。', '子', '男', '五', '人', '：', '長', '曰', '瓘', '，', '官', '至', '太', '常', '博', '士', '；', '次', '曰', '瑗', '、', '曰', '琬', '，', '皆', '早', '卒', '；', '次', '曰', '琳', '，', '相', '國', '太', '師', '也', '；', '次', '曰', '琰', '，', '國', '子', '博', '士', '。', '女', '一', '人', '，', '適', '某', '人', '。', '諸', '孫', '九', '人', '。']","['O', 'O', 'O', 'O', 'O', 'O', 'O', 'O', 'O', 'O', 'O', 'O', 'B-FFF', 'O', 'O', 'O', 'B-FF', 'O', 'O', 'O', 'O', 'O', 'O', 'O', 'B-WFF', 'I-WFF', 'O', 'O', 'O', 'O', 'O', 'O', 'O', 'O', 'B-F', 'O', 'O', 'O', 'O', 'O', 'O', 'O', 'O', 'O', 'O', 'B-WF', 'I-WF', 'O', 'O', 'O', 'O', 'O', 'O', 'O', 'O', 'O', 'O', 'O', 'O', 'O', 'O', 'O', 'O', 'O', 'O', 'O', 'O', 'O', 'O', 'O', 'O', 'O', 'O', 'O', 'O', 'O', 'O', 'O', 'O', 'O', 'O', 'O', 'O', 'O', 'O', 'O', 'O', 'O', 'O', 'O', 'O', 'O', 'O', 'O', 'O', 'O', 'O', 'O', 'O', 'O', 'O', 'O', 'O', 'O', 'O', 'O', 'O', 'O', 'O', 'O', 'O', 'O', 'O', 'O', 'O', 'O', 'O', 'O', 'O', 'O', 'O', 'O', 'O', 'O', 'O', 'O', 'O', 'O', 'O', 'O', 'O', 'O', 'O', 'O', 'O', 'O', 'O', 'O', 'O', 'O', 'O', 'O', 'O', 'O', 'O', 'O', 'O', 'O', 'O', 'O', 'O', 'O', 'O', 'O', 'O', 'O', 'O', 'O', 'O', 'O', 'O', 'O', 'O', 'O', 'O', 'O', 'O', 'O', 'O', 'O', 'O', 'O', 'O', 'O', 'O', 'O', 'O', 'O', 'O', 'O', 'O', 'O', 'O', 'O', 'B-W1', 'I-W1', 'O', 'O', 'O', 'O', 'O', 'O', 'O', 'O', 'O', 'O', 'O', 'O', 'O', 'O', 'O', 'B-S', 'O', 'O', 'O', 'O', 'O', 'O', 'O', 'O', 'O', 'O', 'B-S', 'O', 'O', 'B-S', 'O', 'O', 'O', 'O', 'O', 'O', 'O', 'B-S', 'O', 'O', 'O', 'O', 'O', 'O', 'O', 'O', 'O', 'B-S', 'O', 'O', 'O', 'O', 'O', 'O', 'O', 'O', 'O', 'O', 'O', 'O', 'O', 'O', 'O', 'O', 'O', 'O', 'O']"
"['自', '唐', '同', '光', '初', '，', '公', '之', '皇', '曾', '祖', '魯', '公', '舉', '進', '士', '第', '一', '，', '顯', '名', '當', '時', '，', '官', '至', '右', '拾', '遺', '，', '歷', '仕', '晋', '、', '漢', '、', '周', '〔', '一', '〕', '。', '而', '皇', '祖', '晉', '公', '，', '益', '以', '文', '章', '有', '大', '名', '，', '逮', '事', '太', '祖', '、', '太', '宗', '，', '官', '至', '兵', '部', '侍', '郎', '。', '當', '真', '宗', '時', '，', '伯', '父', '文', '正', '公', '居', '中', '書', '二', '十', '餘', '年', '，', '天', '下', '稱', '爲', '賢', '宰', '相', '。', '娶', '周', '氏', '，', '某', '縣', '君', '，', '生', '子', '某', '。', '曾', '祖', '諱', '某', '，', '祖', '諱', '某', '，', '皆', '贈', '太', '師', '、', '尚', '書', '、', '中', '書', '令', '。', '考', '諱', '某', '，', '官', '至', '兵', '部', '郎', '中', '，', '有', '賢', '行', '，', '贈', '戶', '部', '尚', '書', '。', '公', '以', '某', '年', '某', '月', '某', '日', '卒', '於', '陝', '，', '某', '年', '某', '月', '某', '日', '葬', '於', '某', '所', '先', '塋', '之', '次', '。']","['O', 'O', 'O', 'O', 'O', 'O', 'O', 'O', 'O', 'O', 'O', 'B-FFF', 'I-FFF', 'O', 'O', 'O', 'O', 'O', 'O', 'O', 'O', 'O', 'O', 'O', 'O', 'O', 'O', 'O', 'O', 'O', 'O', 'O', 'O', 'O', 'O', 'O', 'O', 'O', 'O', 'O', 'O', 'O', 'O', 'O', 'B-FF', 'I-FF', 'O', 'O', 'O', 'O', 'O', 'O', 'O', 'O', 'O', 'O', 'O', 'O', 'O', 'O', 'O', 'O', 'O', 'O', 'O', 'O', 'O', 'O', 'O', 'O', 'O', 'O', 'O', 'O', 'O', 'O', 'O', 'B-FB', 'I-FB', 'I-FB', 'O', 'O', 'O', 'O', 'O', 'O', 'O', 'O', 'O', 'O', 'O', 'O', 'O', 'O', 'O', 'O', 'O', 'B-W1', 'I-W1', 'O', 'O', 'O', 'O', 'O', 'O', 'O', 'B-S', 'O', 'O', 'O', 'O', 'O', 'O', 'O', 'O', 'O', 'O', 'O', 'O', 'O', 'O', 'O', 'O', 'O', 'O', 'O', 'O', 'O', 'O', 'O', 'O', 'O', 'O', 'O', 'O', 'O', 'O', 'O', 'O', 'O', 'O', 'O', 'O', 'O', 'O', 'O', 'O', 'O', 'O', 'O', 'O', 'O', 'O', 'O', 'O', 'O', 'O', 'O', 'O', 'O', 'O', 'O', 'O', 'O', 'O', 'O', 'O', 'O', 'O', 'O', 'O', 'O', 'O', 'O', 'O', 'O', 'O']"
"['皇', '高', '祖', '翔', '，', '當', '五', '代', '時', '，', '爲', '王', '建', '掌', '書', '記', '，', '建', '欲', '帝', '蜀', '，', '以', '逆', '順', '禍', '福', '譬', '之', '，', '不', '聽', '，', '棄', '官', '於', '閬', '州', '之', '西', '水', '，', '遂', '爲', '西', '水', '人', '。', '皇', '曾', '祖', '齊', '國', '公', '諱', '詡', '，', '皇', '祖', '楚', '國', '公', '諱', '昭', '汶', '，', '皇', '考', '秦', '國', '公', '諱', '省', '華', '，', '皆', '開', '府', '儀', '同', '三', '司', '、', '太', '師', '、', '尚', '書', '令', '兼', '中', '書', '令', '。', '自', '翔', '已', '下', '，', '三', '世', '不', '顯', '於', '蜀', '。', '至', '秦', '公', '，', '始', '事', '聖', '朝', '，', '爲', '左', '諫', '議', '大', '夫', '。', '其', '配', '曰', '燕', '國', '太', '夫', '人', '馮', '氏', '。', '公', '其', '次', '子', '也', '，', '諱', '堯', '佐', '，', '字', '希', '元', '。', '公', '前', '娶', '曰', '杞', '國', '夫', '人', '宋', '氏', '，', '後', '娶', '曰', '沂', '國', '夫', '人', '王', '氏', '。', '子', '男', '十', '人', '：', '長', '曰', '述', '古', '，', '次', '曰', '比', '部', '員', '外', '郎', '求', '古', '，', '主', '客', '員', '外', '郎', '學', '古', '，', '虞', '部', '員', '外', '郎', '道', '古', '，', '大', '理', '評', '事', '、', '館', '閣', '校', '勘', '博', '古', '，', '殿', '中', '丞', '修', '古', '，', '秘', '書', '省', '正', '字', '履', '古', '，', '光', '祿', '寺', '丞', '游', '古', '，', '大', '理', '寺', '丞', '襲', '古', '，', '太', '常', '寺', '太', '祝', '象', '古', '。', '秦', '公', '三', '子', '。', '長', '曰', '堯', '叟', '，', '爲', '樞', '密', '使', '、', '同', '中', '書', '門', '下', '平', '章', '事', '。', '季', '曰', '堯', '咨', '，', '爲', '武', '信', '軍', '節', '度', '使', '。', '皆', '舉', '進', '士', '第', '一', '人', '及', '第', '。', '公', '之', '孫', '四', '十', '人', '，', '曾', '孫', '二', '人', '。', '合', '伯', '、', '季', '之', '後', '，', '若', '子', '、', '若', '孫', '、', '若', '曾', '孫', '六', '十', '有', '八', '人', '。', '女', '若', '孫', '、', '曾', '五', '十', '有', '四', '人', '。']","['O', 'O', 'O', 'B-FFF', 'O', 'O', 'O', 'O', 'O', 'O', 'O', 'O', 'O', 'O', 'O', 'O', 'O', 'O', 'O', 'O', 'O', 'O', 'O', 'O', 'O', 'O', 'O', 'O', 'O', 'O', 'O', 'O', 'O', 'O', 'O', 'O', 'O', 'O', 'O', 'O', 'O', 'O', 'O', 'O', 'O', 'O', 'O', 'O', 'O', 'O', 'O', 'O', 'O', 'O', 'O', 'B-FFF', 'O', 'O', 'O', 'O', 'O', 'O', 'O', 'O', 'B-FF', 'O', 'O', 'O', 'O', 'O', 'O', 'O', 'B-F', 'I-F', 'O', 'O', 'O', 'O', 'O', 'O', 'O', 'O', 'O', 'O', 'O', 'O', 'O', 'O', 'O', 'O', 'O', 'O', 'O', 'O', 'O', 'O', 'O', 'O', 'O', 'O', 'O', 'O', 'O', 'O', 'O', 'O', 'O', 'O', 'O', 'O', 'O', 'O', 'O', 'O', 'O', 'O', 'O', 'O', 'O', 'O', 'O', 'O', 'O', 'O', 'O', 'O', 'O', 'O', 'O', 'O', 'B-WF', 'I-WF', 'O', 'O', 'O', 'O', 'O', 'O', 'O', 'O', 'O', 'O', 'O', 'O', 'O', 'O', 'O', 'O', 'O', 'O', 'O', 'O', 'O', 'O', 'O', 'B-W1', 'I-W1', 'O', 'O', 'O', 'O', 'O', 'O', 'O', 'O', 'B-W2', 'I-W2', 'O', 'O', 'O', 'O', 'O', 'O', 'O', 'O', 'B-S', 'I-S', 'O', 'O', 'O', 'O', 'O', 'O', 'O', 'O', 'B-S', 'I-S', 'O', 'O', 'O', 'O', 'O', 'O', 'B-S', 'I-S', 'O', 'O', 'O', 'O', 'O', 'O', 'B-S', 'I-S', 'O', 'O', 'O', 'O', 'O', 'O', 'O', 'O', 'O', 'O', 'B-S', 'I-S', 'O', 'O', 'O', 'O', 'B-S', 'I-S', 'O', 'O', 'O', 'O', 'O', 'O', 'B-S', 'I-S', 'O', 'O', 'O', 'O', 'O', 'B-S', 'I-S', 'O', 'O', 'O', 'O', 'O', 'B-S', 'I-S', 'O', 'O', 'O', 'O', 'O', 'O', 'B-S', 'I-S', 'O', 'O', 'O', 'O', 'O', 'O', 'O', 'O', 'B-B', 'I-B', 'O', 'O', 'O', 'O', 'O', 'O', 'O', 'O', 'O', 'O', 'O', 'O', 'O', 'O', 'O', 'O', 'O', 'B-B', 'I-B', 'O', 'O', 'O', 'O', 'O', 'O', 'O', 'O', 'O', 'O', 'O', 'O', 'O', 'O', 'O', 'O', 'O', 'O', 'O', 'O', 'O', 'O', 'O', 'O', 'O', 'O', 'O', 'O', 'O', 'O', 'O', 'O', 'O', 'O', 'O', 'O', 'O', 'O', 'O', 'O', 'O', 'O', 'O', 'O', 'O', 'O', 'O', 'O', 'O', 'O', 'O', 'O', 'O', 'O', 'O', 'O', 'O', 'O', 'O', 'O', 'O', 'O', 'O', 'O']"
"['公', '諱', '象', '，', '字', '某', '。', '曾', '祖', '諱', '某', '，', '某', '官', '。', '祖', '諱', '某', '，', '某', '官', '。', '考', '諱', '某', '，', '某', '官', '。', '公', '娶', '孫', '氏', '，', '封', '富', '春', '縣', '君', '，', '用', '子', '貴', '，', '追', '封', '泗', '水', '縣', '太', '君', '。', '子', '男', '三', '人', '：', '長', '曰', '某', '，', '某', '官', '；', '次', '曰', '某', '，', '某', '官', '；', '次', '曰', '某', '，', '某', '官', '。', '女', '三', '人', '，', '皆', '適', '士', '族', '。', '孫', '五', '人', '，', '一', '早', '亡', '，', '次', '皆', '已', '仕', '。', '曾', '孫', '十', '人', '，', '仕', '者', '五', '人', '。']","['O', 'O', 'O', 'O', 'O', 'O', 'O', 'O', 'O', 'O', 'O', 'O', 'O', 'O', 'O', 'O', 'O', 'O', 'O', 'O', 'O', 'O', 'O', 'O', 'O', 'O', 'O', 'O', 'O', 'O', 'O', 'B-W1', 'I-W1', 'O', 'O', 'O', 'O', 'O', 'O', 'O', 'O', 'O', 'O', 'O', 'O', 'O', 'O', 'O', 'O', 'O', 'O', 'O', 'O', 'O', 'O', 'O', 'O', 'O', 'O', 'O', 'O', 'O', 'O', 'O', 'O', 'O', 'O', 'O', 'O', 'O', 'O', 'O', 'O', 'O', 'O', 'O', 'O', 'O', 'O', 'O', 'O', 'O', 'O', 'O', 'O', 'O', 'O', 'O', 'O', 'O', 'O', 'O', 'O', 'O', 'O', 'O', 'O', 'O', 'O', 'O', 'O', 'O', 'O', 'O', 'O', 'O', 'O', 'O', 'O', 'O']"
"['公', '娶', '宋', '氏', '，', '武', '勝', '軍', '節', '度', '使', '延', '渥', '之', '女', '，', '初', '爲', '安', '定', '郡', '夫', '人', '，', '追', '封', '榮', '國', '公', '夫', '人', '。', '五', '男', '，', '四', '女', '。', '男', '曰', '咸', '熙', '，', '東', '頭', '供', '奉', '官', '，', '蚤', '卒', '；', '次', '曰', '咸', '融', '，', '西', '京', '左', '藏', '庫', '使', '、', '果', '州', '團', '練', '使', '；', '次', '曰', '咸', '庶', '，', '內', '殿', '崇', '班', '，', '早', '卒', '；', '次', '曰', '咸', '英', '，', '供', '備', '庫', '副', '使', '；', '次', '曰', '咸', '康', '，', '內', '殿', '承', '制', '。']","['O', 'O', 'B-W1', 'I-W1', 'O', 'O', 'O', 'O', 'O', 'O', 'O', 'O', 'O', 'O', 'O', 'O', 'O', 'O', 'O', 'O', 'O', 'O', 'O', 'O', 'O', 'O', 'O', 'O', 'O', 'O', 'O', 'O', 'O', 'O', 'O', 'O', 'O', 'O', 'O', 'O', 'B-S', 'I-S', 'O', 'O', 'O', 'O', 'O', 'O', 'O', 'O', 'O', 'O', 'O', 'O', 'B-S', 'I-S', 'O', 'O', 'O', 'O', 'O', 'O', 'O', 'O', 'O', 'O', 'O', 'O', 'O', 'O', 'O', 'O', 'B-S', 'I-S', 'O', 'O', 'O', 'O', 'O', 'O', 'O', 'O', 'O', 'O', 'O', 'B-S', 'I-S', 'O', 'O', 'O', 'O', 'O', 'O', 'O', 'O', 'O', 'B-S', 'I-S', 'O', 'O', 'O', 'O', 'O', 'O']"
"['公', '諱', '若', '訥', '，', '字', '敏', '之', '。', '其', '始', '齊', '之', '公', '族', '，', '於', '春', '秋', '時', '甚', '顯', '。', '逮', '漢', '而', '後', '，', '名', '德', '軒', '冕', '，', '赫', '奕', '相', '望', '。', '從', '仕', '屢', '遷', '，', '今', '爲', '太', '原', '榆', '次', '人', '。', '曾', '祖', '諱', '某', '，', '贈', '太', '師', '。', '王', '父', '諱', '某', '，', '仕', '崇', '儀', '使', '。', '考', '諱', '某', '，', '仕', '右', '侍', '禁', '。', '并', '贈', '太', '師', '、', '中', '書', '令', '兼', '尚', '書', '令', '〔', '二', '〕', '，', '考', '封', '祁', '國', '公', '。', '曾', '妣', '王', '夫', '人', '，', '祖', '妣', '馬', '夫', '人', '，', '妣', '閻', '夫', '人', '，', '封', '魏', '、', '晉', '、', '秦', '三', '大', '國', '，', '悉', '用', '公', '貴', '而', '追', '錫', '命', '也', '。', '太', '師', '藏', '器', '弗', '輝', '，', '天', '爵', '自', '高', '。', '二', '令', '君', '雖', '起', '家', '登', '仕', '，', '而', '位', '不', '充', '量', '。', '濟', '美', '載', '德', '，', '貽', '謀', '積', '慶', '，', '必', '復', '其', '始', '，', '至', '公', '嗣', '興', '。', '嗣', '子', '彥', '輔', '，', '內', '殿', '崇', '班', '。', '次', '保', '衡', '、', '安', '石', '、', '吉', '甫', '，', '光', '祿', '寺', '丞', '，', '元', '規', '，', '大', '理', '評', '事', '，', '皆', '脩', '謹', '篤', '學', '，', '能', '世', '其', '家', '。', '長', '女', '適', '游', '奎', '，', '次', '適', '祠', '部', '郎', '中', '、', '秘', '閣', '校', '理', '林', '億', '〔', '一', '〇', '〕', '，', '次', '適', '太', '常', '博', '士', '張', '誼', '，', '次', '適', '王', '宗', '誥', '。']","['O', 'O', 'O', 'O', 'O', 'O', 'O', 'O', 'O', 'O', 'O', 'O', 'O', 'O', 'O', 'O', 'O', 'O', 'O', 'O', 'O', 'O', 'O', 'O', 'O', 'O', 'O', 'O', 'O', 'O', 'O', 'O', 'O', 'O', 'O', 'O', 'O', 'O', 'O', 'O', 'O', 'O', 'O', 'O', 'O', 'O', 'O', 'O', 'O', 'O', 'O', 'O', 'O', 'O', 'B-FFF', 'O', 'O', 'O', 'O', 'O', 'O', 'O', 'O', 'B-FF', 'O', 'O', 'O', 'O', 'O', 'O', 'O', 'O', 'B-F', 'O', 'O', 'O', 'O', 'O', 'O', 'O', 'O', 'O', 'O', 'O', 'O', 'O', 'O', 'O', 'O', 'O', 'O', 'O', 'O', 'O', 'O', 'O', 'O', 'O', 'O', 'O', 'O', 'O', 'O', 'B-WFFF', 'I-WFFF', 'I-WFFF', 'O', 'O', 'O', 'B-WFF', 'I-WFF', 'I-WFF', 'O', 'O', 'B-WF', 'I-WF', 'I-WF', 'O', 'O', 'O', 'O', 'O', 'O', 'O', 'O', 'O', 'O', 'O', 'O', 'O', 'O', 'O', 'O', 'O', 'O', 'O', 'O', 'O', 'O', 'O', 'O', 'O', 'O', 'O', 'O', 'O', 'O', 'O', 'O', 'O', 'O', 'O', 'O', 'O', 'O', 'O', 'O', 'O', 'O', 'O', 'O', 'O', 'O', 'O', 'O', 'O', 'O', 'O', 'O', 'O', 'O', 'O', 'O', 'O', 'O', 'O', 'O', 'O', 'O', 'O', 'O', 'O', 'O', 'O', 'O', 'O', 'O', 'B-S', 'I-S', 'O', 'O', 'O', 'O', 'O', 'O', 'O', 'B-S', 'I-S', 'O', 'B-S', 'I-S', 'O', 'B-S', 'I-S', 'O', 'O', 'O', 'O', 'O', 'O', 'B-S', 'I-S', 'O', 'O', 'O', 'O', 'O', 'O', 'O', 'O', 'O', 'O', 'O', 'O', 'O', 'O', 'O', 'O', 'O', 'O', 'O', 'O', 'B-DH', 'I-DH', 'O', 'O', 'O', 'O', 'O', 'O', 'O', 'O', 'O', 'O', 'O', 'O', 'B-DH', 'I-DH', 'O', 'O', 'O', 'O', 'O', 'O', 'O', 'O', 'O', 'O', 'O', 'B-DH', 'I-DH', 'O', 'O', 'O', 'O', 'B-DH', 'I-DH', 'O']"
"['四', '代', '祖', '曰', '硋', '賓', '，', '事', '唐', '僖', '宗', '，', '為', '鎮', '、', '冀', '、', '深', '、', '趙', '等', '州', '節', '度', '判', '官', '，', '檢', '校', '太', '子', '左', '庶', '子', '，', '兼', '御', '史', '中', '丞', '。', '時', '巢', '寇', '亂', '中', '原', '，', '其', '帥', '王', '景', '崇', '檄', '諸', '鎮', '兵', '大', '破', '之', '，', '謀', '皆', '出', '於', '庶', '子', '。', '庶', '子', '生', '二', '子', '，', '其', '季', '曰', '昌', '辭', '，', '於', '公', '為', '曾', '王', '父', '，', '終', '於', '真', '定', '府', '鼓', '城', '令', '。', '鼓', '城', '生', '趚', '，', '為', '王', '父', '，', '少', '自', '力', '學', '，', '工', '為', '歌', '詩', '，', '與', '晉', '人', '李', '崧', '、', '徐', '台', '符', '深', '相', '善', '，', '名', '重', '一', '時', '，', '任', '廣', '晉', '府', '永', '濟', '令', '。', '避', '亂', '，', '又', '徙', '居', '趙', '郡', '之', '贊', '皇', '。', '台', '符', '為', '作', '詩', '，', '哀', '其', '不', '達', '而', '終', '，', '其', '詩', '甚', '悲', '。', '崧', '乃', '以', '其', '弟', '之', '女', '妻', '其', '子', '構', '，', '即', '公', '之', '考', '妣', '也', '。', '考', '始', '居', '於', '相', '，', '以', '文', '章', '稱', '，', '尤', '妙', '書', '奏', '。', '諸', '侯', '府', '爭', '辟', '之', '，', '能', '致', '之', '者', '，', '即', '一', '府', '遂', '治', '。', '嘗', '宰', '貝', '州', '之', '清', '河', '，', '始', '至', '，', '與', '民', '約', '曰', '：', '‘', '屈', '法', '擾', '人', '等', '事', '，', '吾', '斷', '腕', '不', '為', '，', '惟', '惠', '利', '者', '為', '若', '力', '之', '。', '’', '民', '於', '是', '大', '說', '，', '然', '亦', '畏', '伏', '，', '絲', '毫', '不', '敢', '犯', '。', '歷', '事', '周', '、', '晉', '二', '代', '，', '以', '世', '亂', '，', '亦', '不', '得', '進', '。', '入', '宋', '，', '藝', '祖', '平', '南', '海', '，', '鮂', '選', '守', '臣', '，', '乃', '命', '知', '康', '州', '。', '未', '幾', '，', '以', '太', '子', '中', '允', '卒', '於', '官', '。', '公', '漸', '顯', '，', '累', '贈', '工', '部', '尚', '書', '。', '有', '子', '四', '人', '，', '公', '於', '次', '為', '第', '三', '，', '諱', '國', '華', '，', '字', '光', '弼', '。', '娶', '羅', '氏', '，', '諫', '議', '大', '夫', '延', '吉', '之', '女', '，', '鄴', '王', '紹', '威', '之', '孫', '，', '封', '宜', '城', '縣', '君', '。', '六', '男', '。', '球', '，', '湖', '州', '德', '清', '尉', '。', '蠧', '，', '將', '作', '監', '主', '簿', '。', '琚', '，', '司', '封', '員', '外', '郎', '、', '兩', '浙', '轉', '運', '使', '。', '糵', '，', '河', '陽', '司', '法', '參', '軍', '。', '璩', '，', '秘', '書', '著', '作', '佐', '郎', '。', '或', '自', '科', '舉', '，', '或', '由', '蔭', '授', '，', '方', '以', '才', '名', '并', '進', '而', '不', '幸', '繼', '亡', '。', '琦', '，', '相', '仁', '宗', '皇', '帝', '，', '被', '遺', '制', '立', '今', '天', '子', '，', '為', '門', '下', '侍', '郎', '、', '兼', '兵', '部', '尚', '書', '、', '同', '中', '書', '門', '下', '平', '章', '事', '、', '昭', '文', '館', '大', '學', '士', '、', '衛', '國', '公', '〔', '七', '〕', '，', '望', '臨', '天', '下', '，', '瞕', '冠', '列', '辟', '。', '以', '公', '積', '德', '儲', '慶', '，', '所', '宜', '身', '享', '厚', '報', '，', '然', '恨', '早', '世', '，', '不', '克', '待', '其', '發', '，', '而', '發', '於', '丞', '相', '。', '丞', '相', '以', '似', '以', '繼', '，', '其', '傳', '之', '者', '又', '可', '涯', '耶', '?', '二', '女', '，', '歸', '於', '衛', '尉', '卿', '高', '志', '寧', '。', '丞', '相', '貴', '，', '累', '贈', '公', '與', '祖', '尚', '書', '、', '曾', '祖', '永', '濟', '三', '代', '，', '并', '太', '師', '、', '中', '書', '令', '兼', '尚', '書', '令', '，', '又', '啟', '魏', '、', '燕', '、', '冀', '三', '國', '，', '皆', '追', '封', '為', '公', '。', '妣', '羅', '氏', '、', '祖', '妣', '李', '氏', '、', '曾', '妣', '史', '氏', '，', '亦', '以', '魏', '、', '燕', '、', '齊', '三', '國', '追', '封', '為', '太', '夫', '人', '。']","['O', 'O', 'O', 'O', 'B-G-n', 'I-G-n', 'O', 'O', 'O', 'O', 'O', 'O', 'O', 'O', 'O', 'O', 'O', 'O', 'O', 'O', 'O', 'O', 'O', 'O', 'O', 'O', 'O', 'O', 'O', 'O', 'O', 'O', 'O', 'O', 'O', 'O', 'O', 'O', 'O', 'O', 'O', 'O', 'O', 'O', 'O', 'O', 'O', 'O', 'O', 'O', 'O', 'O', 'O', 'O', 'O', 'O', 'O', 'O', 'O', 'O', 'O', 'O', 'O', 'O', 'O', 'O', 'O', 'O', 'O', 'O', 'O', 'O', 'O', 'O', 'O', 'O', 'O', 'B-FFF', 'I-FFF', 'O', 'O', 'O', 'O', 'O', 'O', 'O', 'O', 'O', 'O', 'O', 'O', 'O', 'O', 'O', 'O', 'O', 'O', 'O', 'O', 'B-FF', 'O', 'O', 'O', 'O', 'O', 'O', 'O', 'O', 'O', 'O', 'O', 'O', 'O', 'O', 'O', 'O', 'O', 'O', 'O', 'O', 'O', 'O', 'O', 'O', 'O', 'O', 'O', 'O', 'O', 'O', 'O', 'O', 'O', 'O', 'O', 'O', 'O', 'O', 'O', 'O', 'O', 'O', 'O', 'O', 'O', 'O', 'O', 'O', 'O', 'O', 'O', 'O', 'O', 'O', 'O', 'O', 'O', 'O', 'O', 'O', 'O', 'O', 'O', 'O', 'O', 'O', 'O', 'O', 'O', 'O', 'O', 'O', 'O', 'O', 'O', 'O', 'O', 'O', 'O', 'O', 'O', 'O', 'O', 'O', 'O', 'O', 'O', 'O', 'O', 'O', 'O', 'O', 'O', 'O', 'O', 'O', 'O', 'O', 'O', 'O', 'O', 'O', 'O', 'O', 'O', 'O', 'O', 'O', 'O', 'O', 'O', 'O', 'O', 'O', 'O', 'O', 'O', 'O', 'O', 'O', 'O', 'O', 'O', 'O', 'O', 'O', 'O', 'O', 'O', 'O', 'O', 'O', 'O', 'O', 'O', 'O', 'O', 'O', 'O', 'O', 'O', 'O', 'O', 'O', 'O', 'O', 'O', 'O', 'O', 'O', 'O', 'O', 'O', 'O', 'O', 'O', 'O', 'O', 'O', 'O', 'O', 'O', 'O', 'O', 'O', 'O', 'O', 'O', 'O', 'O', 'O', 'O', 'O', 'O', 'O', 'O', 'O', 'O', 'O', 'O', 'O', 'O', 'O', 'O', 'O', 'O', 'O', 'O', 'O', 'O', 'O', 'O', 'O', 'O', 'O', 'O', 'O', 'O', 'O', 'O', 'O', 'O', 'O', 'O', 'O', 'O', 'O', 'O', 'O', 'O', 'O', 'O', 'O', 'O', 'O', 'O', 'O', 'O', 'O', 'O', 'O', 'O', 'O', 'O', 'O', 'O', 'O', 'O', 'O', 'O', 'O', 'O', 'O', 'O', 'O', 'O', 'O', 'O', 'O', 'O', 'O', 'O', 'O', 'O', 'O', 'O', 'O', 'O', 'O', 'O', 'O', 'O', 'O', 'O', 'O', 'O', 'O', 'O', 'O', 'O', 'O', 'O', 'B-W1', 'I-W1', 'O', 'O', 'O', 'O', 'O', 'O', 'O', 'O', 'O', 'O', 'O', 'O', 'O', 'O', 'O', 'O', 'O', 'O', 'O', 'O', 'O', 'O', 'O', 'O', 'O', 'O', 'B-S', 'O', 'O', 'O', 'O', 'O', 'O', 'O', 'B-S', 'O', 'O', 'O', 'O', 'O', 'O', 'O', 'B-S', 'O', 'O', 'O', 'O', 'O', 'O', 'O', 'O', 'O', 'O', 'O', 'O', 'O', 'B-S', 'O', 'O', 'O', 'O', 'O', 'O', 'O', 'O', 'B-S', 'O', 'O', 'O', 'O', 'O', 'O', 'O', 'O', 'O', 'O', 'O', 'O', 'O', 'O', 'O', 'O', 'O', 'O', 'O', 'O', 'O', 'O', 'O', 'O', 'O', 'O', 'O', 'O', 'O', 'O', 'B-S', 'O', 'O', 'O', 'O', 'O', 'O', 'O', 'O', 'O', 'O', 'O', 'O', 'O', 'O', 'O', 'O', 'O', 'O', 'O', 'O', 'O', 'O', 'O', 'O', 'O', 'O', 'O', 'O', 'O', 'O', 'O', 'O', 'O', 'O', 'O', 'O', 'O', 'O', 'O', 'O', 'O', 'O', 'O', 'O', 'O', 'O', 'O', 'O', 'O', 'O', 'O', 'O', 'O', 'O', 'O', 'O', 'O', 'O', 'O', 'O', 'O', 'O', 'O', 'O', 'O', 'O', 'O', 'O', 'O', 'O', 'O', 'O', 'O', 'O', 'O', 'O', 'O', 'O', 'O', 'O', 'O', 'O', 'O', 'O', 'O', 'O', 'O', 'O', 'O', 'O', 'O', 'O', 'O', 'O', 'O', 'O', 'O', 'O', 'O', 'O', 'O', 'O', 'O', 'O', 'O', 'O', 'O', 'O', 'O', 'O', 'O', 'O', 'O', 'O', 'O', 'B-DH', 'I-DH', 'I-DH', 'O', 'O', 'O', 'O', 'O', 'O', 'O', 'O', 'O', 'O', 'O', 'O', 'O', 'O', 'O', 'O', 'O', 'O', 'O', 'O', 'O', 'O', 'O', 'O', 'O', 'O', 'O', 'O', 'O', 'O', 'O', 'O', 'O', 'O', 'O', 'O', 'O', 'O', 'O', 'O', 'O', 'O', 'O', 'O', 'O', 'O', 'O', 'O', 'O', 'B-WF', 'I-WF', 'O', 'O', 'O', 'B-WFF', 'I-WFF', 'O', 'O', 'O', 'B-WFFF', 'I-WFFF', 'O', 'O', 'O', 'O', 'O', 'O', 'O', 'O', 'O', 'O', 'O', 'O', 'O', 'O', 'O', 'O', 'O']"
"['曾', '王', '父', '諱', '韜', '，', '皇', '主', '莫', '州', '莫', '縣', '簿', '，', '贈', '太', '保', '。', '曾', '王', '母', '太', '原', '王', '氏', '，', '封', '許', '國', '太', '夫', '人', '。', '王', '父', '諱', '夢', '奇', '，', '皇', '戶', '部', '侍', '郎', '，', '贈', '太', '保', '。', '王', '母', '潁', '川', '郡', '君', '陳', '氏', '，', '封', '鄧', '國', '太', '夫', '人', '。', '父', '諱', '龜', '圖', '，', '皇', '起', '居', '郎', '，', '贈', '尚', '書', '令', '。', '母', '彭', '城', '劉', '氏', '，', '封', '徐', '國', '太', '夫', '人', '。', '初', '娶', '宋', '氏', '，', '封', '廣', '平', '縣', '君', '，', '再', '娶', '薛', '氏', '，', '封', '譙', '國', '夫', '人', '，', '皆', '歿', '於', '公', '之', '先', '。', '男', '十', '人', '。', '從', '簡', '，', '駕', '部', '員', '外', '。', '知', '簡', '，', '大', '理', '寺', '丞', '。', '惟', '簡', '，', '庫', '部', '郎', '中', '。', '承', '簡', '，', '虞', '部', '郎', '中', '。', '行', '簡', '，', '比', '部', '郎', '中', '。', '次', '未', '名', '。', '次', '易', '簡', '，', '奉', '禮', '部', '。', '務', '簡', '，', '光', '祿', '少', '卿', '。', '居', '簡', '，', '龍', '圖', '閣', '直', '學', '士', '、', '尚', '書', '兵', '部', '侍', '郎', '。', '師', '簡', '，', '司', '農', '少', '卿', '。', '孫', '二', '十', '五', '人', '，', '曾', '孫', '三', '十', '一', '人', '，', '并', '傳', '公', '之', '所', '誨', '於', '其', '父', '祖', '，', '罔', '敢', '不', '率', '，', '人', '於', '是', '又', '知', '公', '之', '義', '訓', '大', '施', '於', '其', '後', '。', '孫', '皆', '有', '官', '，', '而', '曾', '孫', '亦', '有', '出', '仕', '者', '。', '女', '六', '人', '。', '長', '嫁', '光', '祿', '寺', '丞', '、', '直', '集', '賢', '院', '孫', '暨', '。', '次', '嫁', '刑', '部', '侍', '郎', '，', '參', '知', '政', '事', '趙', '安', '仁', '。', '次', '嫁', '太', '常', '博', '士', '周', '漸', '。', '次', '嫁', '觀', '文', '殿', '學', '士', '、', '尚', '書', '右', '丞', '丁', '度', '。', '次', '早', '夭', '。', '次', '嫁', '永', '州', '推', '官', '楊', '巽', '。']","['O', 'O', 'O', 'O', 'B-FFF', 'O', 'O', 'O', 'O', 'O', 'O', 'O', 'O', 'O', 'O', 'O', 'O', 'O', 'O', 'O', 'O', 'O', 'O', 'B-WFFF', 'I-WFFF', 'O', 'O', 'O', 'O', 'O', 'O', 'O', 'O', 'O', 'O', 'O', 'B-FF', 'I-FF', 'O', 'O', 'O', 'O', 'O', 'O', 'O', 'O', 'O', 'O', 'O', 'O', 'O', 'O', 'O', 'O', 'O', 'B-WFF', 'I-WFF', 'O', 'O', 'O', 'O', 'O', 'O', 'O', 'O', 'O', 'O', 'B-F', 'I-F', 'O', 'O', 'O', 'O', 'O', 'O', 'O', 'O', 'O', 'O', 'O', 'O', 'O', 'O', 'B-M', 'I-M', 'O', 'O', 'O', 'O', 'O', 'O', 'O', 'O', 'O', 'O', 'B-W1', 'I-W1', 'O', 'O', 'O', 'O', 'O', 'O', 'O', 'O', 'O', 'B-W2', 'I-W2', 'O', 'O', 'O', 'O', 'O', 'O', 'O', 'O', 'O', 'O', 'O', 'O', 'O', 'O', 'O', 'O', 'O', 'O', 'B-S', 'I-S', 'O', 'O', 'O', 'O', 'O', 'O', 'B-S', 'I-S', 'O', 'O', 'O', 'O', 'O', 'O', 'B-S', 'I-S', 'O', 'O', 'O', 'O', 'O', 'O', 'B-S', 'I-S', 'O', 'O', 'O', 'O', 'O', 'O', 'O', 'O', 'O', 'O', 'O', 'O', 'O', 'O', 'O', 'O', 'O', 'O', 'O', 'B-S', 'I-S', 'O', 'O', 'O', 'O', 'O', 'B-S', 'I-S', 'O', 'O', 'O', 'O', 'O', 'O', 'B-S', 'I-S', 'O', 'O', 'O', 'O', 'O', 'O', 'O', 'O', 'O', 'O', 'O', 'O', 'O', 'O', 'O', 'B-S', 'I-S', 'O', 'O', 'O', 'O', 'O', 'O', 'O', 'O', 'O', 'O', 'O', 'O', 'O', 'O', 'O', 'O', 'O', 'O', 'O', 'O', 'O', 'O', 'O', 'O', 'O', 'O', 'O', 'O', 'O', 'O', 'O', 'O', 'O', 'O', 'O', 'O', 'O', 'O', 'O', 'O', 'O', 'O', 'O', 'O', 'O', 'O', 'O', 'O', 'O', 'O', 'O', 'O', 'O', 'O', 'O', 'O', 'O', 'O', 'O', 'O', 'O', 'O', 'O', 'O', 'O', 'O', 'O', 'O', 'O', 'O', 'O', 'O', 'O', 'O', 'O', 'O', 'O', 'O', 'O', 'B-DH', 'I-DH', 'O', 'O', 'O', 'O', 'O', 'O', 'O', 'O', 'O', 'O', 'O', 'O', 'B-DH', 'I-DH', 'I-DH', 'O', 'O', 'O', 'O', 'O', 'O', 'O', 'B-DH', 'I-DH', 'O', 'O', 'O', 'O', 'O', 'O', 'O', 'O', 'O', 'O', 'O', 'O', 'O', 'B-DH', 'I-DH', 'O', 'O', 'O', 'O', 'O', 'O', 'O', 'O', 'O', 'O', 'O', 'B-DH', 'I-DH', 'O']"
"['故', '推', '誠', '保', '德', '崇', '仁', '守', '正', '協', '恭', '忠', '亮', '翼', '戴', '功', '臣', '、', '資', '政', '殿', '大', '學', '士', '、', '開', '府', '儀', '同', '三', '司', '、', '行', '尚', '書', '左', '仆', '射', '、', '判', '鄆', '州', '、', '上', '柱', '國', '、', '沂', '國', '公', '，', '食', '邑', '一', '萬', '二', '千', '五', '百', '戶', '，', '食', '實', '封', '五', '千', '一', '百', '戶', '，', '贈', '侍', '中', '。', '曾', '祖', '鐸', '，', '累', '贈', '太', '師', '、', '尚', '書', '令', '、', '中', '書', '令', '、', '越', '國', '公', '。', '曾', '祖', '母', '趙', '氏', '，', '越', '國', '太', '夫', '人', '。', '祖', '繼', '華', '，', '累', '贈', '太', '師', '、', '尚', '書', '令', '、', '陳', '國', '公', '。', '祖', '母', '劉', '氏', '，', '陳', '國', '太', '夫', '人', '；', '衛', '氏', '，', '楚', '國', '太', '夫', '人', '。', '考', '兼', '皇', '，', '任', '著', '作', '佐', '郎', '，', '累', '贈', '太', '師', '、', '尚', '書', '令', '、', '魯', '國', '公', '。', '母', '張', '氏', '，', '燕', '國', '太', '夫', '人', '；', '何', '氏', '，', '魯', '國', '太', '夫', '人', '。', '青', '州', '益', '都', '縣', '興', '儒', '鄉', '秀', '士', '里', '。', '初', '娶', '蔡', '氏', '，', '處', '士', '光', '濟', '女', '，', '卒', '。', '再', '娶', '李', '氏', '，', '故', '相', '文', '靖', '公', '女', '。', '繼', '室', '以', '其', '妹', '，', '封', '許', '國', '夫', '人', '，', '賢', '令', '可', '法', '。', '子', '四', '男', '三', '女', '。', '曰', '薩', '，', '光', '祿', '寺', '丞', '。', '曰', '郿', '，', '亦', '光', '祿', '寺', '丞', '。', '曰', '縯', '，', '將', '作', '監', '丞', '。', '曰', '緣', '。', '縯', '與', '二', '女', '并', '早', '夭', '。', '初', '以', '子', '幼', '，', '取', '從', '兄', '子', '大', '理', '寺', '丞', '、', '秘', '閣', '校', '理', '繹', '為', '子', '主', '後', '，', '遂', '克', '以', '葬', '。', '一', '女', '適', '屯', '田', '郎', '中', '沈', '惟', '溫', '。']","['O', 'O', 'O', 'O', 'O', 'O', 'O', 'O', 'O', 'O', 'O', 'O', 'O', 'O', 'O', 'O', 'O', 'O', 'O', 'O', 'O', 'O', 'O', 'O', 'O', 'O', 'O', 'O', 'O', 'O', 'O', 'O', 'O', 'O', 'O', 'O', 'O', 'O', 'O', 'O', 'O', 'O', 'O', 'O', 'O', 'O', 'O', 'O', 'O', 'O', 'O', 'O', 'O', 'O', 'O', 'O', 'O', 'O', 'O', 'O', 'O', 'O', 'O', 'O', 'O', 'O', 'O', 'O', 'O', 'O', 'O', 'O', 'O', 'O', 'O', 'O', 'B-FFF', 'O', 'O', 'O', 'O', 'O', 'O', 'O', 'O', 'O', 'O', 'O', 'O', 'O', 'O', 'O', 'O', 'O', 'O', 'O', 'O', 'O', 'B-WFFF', 'I-WFFF', 'O', 'O', 'O', 'O', 'O', 'O', 'O', 'O', 'B-FF', 'I-FF', 'O', 'O', 'O', 'O', 'O', 'O', 'O', 'O', 'O', 'O', 'O', 'O', 'O', 'O', 'O', 'O', 'B-WFF', 'I-WFF', 'O', 'O', 'O', 'O', 'O', 'O', 'O', 'B-WFF', 'I-WFF', 'O', 'O', 'O', 'O', 'O', 'O', 'O', 'O', 'B-F', 'I-F', 'O', 'O', 'O', 'O', 'O', 'O', 'O', 'O', 'O', 'O', 'O', 'O', 'O', 'O', 'O', 'O', 'O', 'O', 'O', 'O', 'O', 'B-M', 'I-M', 'O', 'O', 'O', 'O', 'O', 'O', 'O', 'B-M', 'I-M', 'O', 'O', 'O', 'O', 'O', 'O', 'O', 'O', 'O', 'O', 'O', 'O', 'O', 'O', 'O', 'O', 'O', 'O', 'O', 'O', 'O', 'B-W1', 'I-W1', 'O', 'O', 'O', 'O', 'O', 'O', 'O', 'O', 'O', 'O', 'O', 'B-W1', 'I-W1', 'O', 'O', 'O', 'O', 'O', 'O', 'O', 'O', 'O', 'O', 'O', 'O', 'O', 'O', 'O', 'O', 'O', 'O', 'O', 'O', 'O', 'O', 'O', 'O', 'O', 'O', 'O', 'O', 'O', 'O', 'O', 'O', 'B-S', 'O', 'O', 'O', 'O', 'O', 'O', 'O', 'B-S', 'O', 'O', 'O', 'O', 'O', 'O', 'O', 'O', 'B-S', 'O', 'O', 'O', 'O', 'O', 'O', 'O', 'B-S', 'O', 'O', 'O', 'O', 'O', 'O', 'O', 'O', 'O', 'O', 'O', 'O', 'O', 'O', 'O', 'O', 'O', 'O', 'O', 'O', 'O', 'O', 'O', 'O', 'O', 'O', 'O', 'O', 'O', 'O', 'O', 'O', 'O', 'O', 'O', 'O', 'O', 'O', 'O', 'O', 'O', 'O', 'O', 'O', 'O', 'B-DH', 'I-DH', 'I-DH', 'O']"
"['公', '諱', '曙', '，', '字', '晦', '叔', '，', '其', '先', '太', '原', '人', '。', '始', '，', '王', '氏', '居', '太', '原', '，', '爲', '著', '姓', '，', '其', '後', '有', '徙', '西', '河', '者', '。', '公', '之', '先', '君', '，', '能', '傳', '其', '世', '系', '之', '所', '從', '，', '實', '隋', '世', '文', '中', '子', '之', '弟', '績', '之', '後', '。', '績', '號', '東', '皋', '子', '，', '東', '皋', '而', '下', '，', '間', '有', '儒', '者', '，', '然', '不', '大', '顯', '，', '亦', '未', '嘗', '去', '河', '汾', '。', '經', '亂', '亡', '，', '其', '譜', '不', '復', '貫', '敘', '，', '故', '後', '世', '唯', '祖', '東', '皋', '子', '。', '至', '公', '始', '葬', '先', '君', '河', '南', '，', '今', '遂', '爲', '河', '南', '人', '。', '曾', '祖', '傑', '，', '祖', '崇', '，', '生', '兵', '間', '，', '以', '義', '勇', '自', '許', '。', '河', '東', '大', '將', '周', '德', '威', '聞', '其', '名', '，', '召', '補', '裨', '校', '。', '德', '威', '後', '帥', '燕', '軍', '，', '以', '戰', '死', '。', '失', '知', '己', '，', '功', '業', '不', '著', '，', '以', '壽', '終', '。', '考', '景', '純', '，', '少', '客', '燕', '地', '，', '感', '家', '世', '儒', '者', '，', '不', '當', '用', '材', '武', '進', '。', '乃', '南', '游', '嵩', '洛', '，', '得', '左', '嵩', '譚', '用', '之', '者', '爲', '之', '友', '，', '寖', '以', '文', '稱', '。', '還', '太', '原', '，', '至', '境', '上', '，', '時', '劉', '氏', '方', '據', '其', '地', '，', '嘆', '曰', '：', '‘', '天', '下', '將', '定', '，', '以', '區', '區', '一', '方', '支', '天', '下', '兵', '，', '此', '危', '國', '也', '。', '’', '遂', '不', '入', '，', '止', '上', '黨', '，', '帥', '延', '致', '幕', '府', '。', '府', '罷', '，', '不', '復', '作', '吏', '，', '購', '四', '方', '書', '，', '或', '手', '抄', '之', '。', '晚', '年', '，', '書', '數', '千', '卷', '。', '端', '拱', '中', '，', '終', '京', '師', '。', '及', '公', '之', '貴', '，', '追', '榮', '三', '代', '，', '曾', '祖', '太', '傅', '，', '曾', '祖', '妣', '張', '氏', '韓', '國', '太', '夫', '人', '；', '祖', '太', '師', '，', '祖', '妣', '閻', '氏', '齊', '國', '太', '夫', '人', '；', '考', '太', '師', '、', '尚', '書', '令', '，', '妣', '祁', '氏', '魯', '國', '太', '夫', '人', '。', '初', '夫', '人', '石', '氏', '，', '平', '原', '郡', '君', '；', '次', '夫', '人', '寇', '氏', '，', '馮', '翊', '郡', '君', '。', '子', '二', '人', '：', '益', '恭', '，', '虞', '部', '員', '外', '郎', '，', '孝', '謹', '溫', '厚', '，', '得', '其', '家', '法', '；', '益', '柔', '，', '右', '贊', '善', '大', '夫', '，', '篤', '學', '好', '古', '，', '善', '自', '樹', '立', '。', '二', '孫', '：', '慎', '言', '，', '光', '祿', '寺', '丞', '；', '慎', '行', '，', '太', '常', '寺', '太', '祝', '。', '女', '七', '人', '，', '適', '校', '書', '郎', '陳', '勘', '、', '將', '作', '監', '主', '簿', '趙', '士', '宗', '、', '殿', '中', '丞', '孫', '瑜', '、', '殿', '直', '楊', '舜', '臣', '、', '唐', '州', '推', '官', '尹', '宗', '濟', '、', '光', '祿', '寺', '丞', '張', '宗', '簡', '、', '將', '作', '監', '主', '簿', '陳', '安', '石', '。', '孫', '女', '四', '人', '，', '并', '幼', '。', '公', '母', '弟', '映', '，', '試', '將', '作', '監', '主', '簿', '，', '早', '世', '。', '有', '子', '二', '人', '：', '益', '謙', '，', '左', '侍', '禁', '；', '益', '沖', '，', '將', '作', '監', '丞', '。']","['O', 'O', 'O', 'O', 'O', 'O', 'O', 'O', 'O', 'O', 'O', 'O', 'O', 'O', 'O', 'O', 'O', 'O', 'O', 'O', 'O', 'O', 'O', 'O', 'O', 'O', 'O', 'O', 'O', 'O', 'O', 'O', 'O', 'O', 'O', 'O', 'O', 'O', 'O', 'O', 'O', 'O', 'O', 'O', 'O', 'O', 'O', 'O', 'O', 'O', 'O', 'O', 'O', 'O', 'O', 'O', 'O', 'O', 'O', 'O', 'O', 'O', 'O', 'O', 'O', 'O', 'O', 'O', 'O', 'O', 'O', 'O', 'O', 'O', 'O', 'O', 'O', 'O', 'O', 'O', 'O', 'O', 'O', 'O', 'O', 'O', 'O', 'O', 'O', 'O', 'O', 'O', 'O', 'O', 'O', 'O', 'O', 'O', 'O', 'O', 'O', 'O', 'O', 'O', 'O', 'O', 'O', 'O', 'O', 'O', 'O', 'O', 'O', 'O', 'O', 'O', 'O', 'O', 'O', 'O', 'O', 'O', 'O', 'O', 'O', 'O', 'B-FFF', 'O', 'O', 'B-FF', 'O', 'O', 'O', 'O', 'O', 'O', 'O', 'O', 'O', 'O', 'O', 'O', 'O', 'O', 'O', 'O', 'O', 'O', 'O', 'O', 'O', 'O', 'O', 'O', 'O', 'O', 'O', 'O', 'O', 'O', 'O', 'O', 'O', 'O', 'O', 'O', 'O', 'O', 'O', 'O', 'O', 'O', 'O', 'O', 'O', 'O', 'O', 'O', 'O', 'O', 'O', 'O', 'O', 'O', 'O', 'O', 'O', 'O', 'O', 'O', 'O', 'O', 'O', 'O', 'O', 'O', 'O', 'O', 'O', 'O', 'O', 'O', 'O', 'O', 'O', 'O', 'O', 'O', 'O', 'O', 'O', 'O', 'O', 'O', 'O', 'O', 'O', 'O', 'O', 'O', 'O', 'O', 'O', 'O', 'O', 'O', 'O', 'O', 'O', 'O', 'O', 'O', 'O', 'O', 'O', 'O', 'O', 'O', 'O', 'O', 'O', 'O', 'O', 'O', 'O', 'O', 'O', 'O', 'O', 'O', 'O', 'O', 'O', 'O', 'O', 'O', 'O', 'O', 'O', 'O', 'O', 'O', 'O', 'O', 'O', 'O', 'O', 'O', 'O', 'O', 'O', 'O', 'O', 'O', 'O', 'O', 'O', 'O', 'O', 'O', 'O', 'O', 'O', 'O', 'O', 'O', 'O', 'O', 'O', 'O', 'O', 'O', 'O', 'O', 'O', 'O', 'O', 'O', 'O', 'O', 'O', 'O', 'O', 'O', 'O', 'O', 'O', 'O', 'O', 'O', 'O', 'O', 'O', 'O', 'O', 'O', 'O', 'O', 'O', 'O', 'O', 'O', 'O', 'O', 'O', 'O', 'O', 'O', 'O', 'O', 'O', 'O', 'B-WFFF', 'I-WFFF', 'O', 'O', 'O', 'O', 'O', 'O', 'O', 'O', 'O', 'O', 'O', 'O', 'B-WFF', 'I-WFF', 'O', 'O', 'O', 'O', 'O', 'O', 'O', 'O', 'O', 'O', 'O', 'O', 'O', 'O', 'O', 'B-WF', 'I-WF', 'O', 'O', 'O', 'O', 'O', 'O', 'O', 'O', 'O', 'B-W1', 'I-W1', 'O', 'O', 'O', 'O', 'O', 'O', 'O', 'O', 'O', 'B-W2', 'I-W2', 'O', 'O', 'O', 'O', 'O', 'O', 'O', 'O', 'O', 'O', 'B-S', 'I-S', 'O', 'O', 'O', 'O', 'O', 'O', 'O', 'O', 'O', 'O', 'O', 'O', 'O', 'O', 'O', 'O', 'O', 'B-S', 'I-S', 'O', 'O', 'O', 'O', 'O', 'O', 'O', 'O', 'O', 'O', 'O', 'O', 'O', 'O', 'O', 'O', 'O', 'O', 'O', 'O', 'B-SS', 'I-SS', 'O', 'O', 'O', 'O', 'O', 'O', 'B-SS', 'I-SS', 'O', 'O', 'O', 'O', 'O', 'O', 'O', 'O', 'O', 'O', 'O', 'O', 'O', 'O', 'O', 'B-DH', 'I-DH', 'O', 'O', 'O', 'O', 'O', 'O', 'B-DH', 'I-DH', 'I-DH', 'O', 'O', 'O', 'O', 'B-DH', 'I-DH', 'O', 'O', 'O', 'B-DH', 'I-DH', 'I-DH', 'O', 'O', 'O', 'O', 'O', 'B-DH', 'I-DH', 'I-DH', 'O', 'O', 'O', 'O', 'O', 'B-DH', 'I-DH', 'I-DH', 'O', 'O', 'O', 'O', 'O', 'O', 'B-DH', 'I-DH', 'I-DH', 'O', 'O', 'O', 'O', 'O', 'O', 'O', 'O', 'O', 'O', 'O', 'O', 'B-MB', 'O', 'O', 'O', 'O', 'O', 'O', 'O', 'O', 'O', 'O', 'O', 'O', 'O', 'O', 'O', 'O', 'O', 'O', 'O', 'O', 'O', 'O', 'O', 'O', 'O', 'O', 'O', 'O', 'O', 'O', 'O']"
"['公', '諱', '浩', '，', '建', '炎', '、', '紹', '興', '間', '來', '寓', '四', '明', '。', '公', '字', '浩', '然', '，', '曾', '祖', '德', '安', '，', '杭', '州', '助', '教', '，', '贈', '忠', '翊', '郎', '。', '祖', '侁', '，', '右', '侍', '禁', '、', '閤', '門', '祗', '候', '，', '累', '贈', '武', '經', '郎', '。', '父', '寬', '，', '成', '忠', '郎', '，', '閤', '門', '祗', '候', '，', '累', '贈', '武', '功', '大', '夫', '，', '吉', '州', '刺', '史', '。', '娶', '朱', '氏', '，', '封', '宜', '人', '，', '累', '贈', '和', '政', '郡', '夫', '人', '。', '少', '師', '孝', '莊', '之', '女', '，', '視', '欽', '成', '皇', '后', '爲', '祖', '姑', '，', '又', '仁', '懷', '皇', '后', '之', '姪', '也', '。', '男', '六', '人', '：', '模', '，', '故', '忠', '翊', '郎', '、', '監', '建', '康', '府', '户', '部', '贍', '軍', '酒', '庫', '所', '糴', '場', '，', '贈', '通', '直', '郎', '；', '棫', '，', '以', '召', '對', '職', '賓', '贊', '，', '終', '武', '經', '大', '夫', '、', '閤', '門', '宣', '贊', '舍', '人', '、', '兩', '浙', '東', '路', '兵', '馬', '鈐', '轄', '；', '樸', '，', '以', '疾', '不', '仕', '；', '桐', '，', '武', '翼', '大', '夫', '、', '新', '權', '發', '遣', '郴', '州', '軍', '州', '事', '；', '柄', '，', '故', '奉', '議', '郎', '、', '知', '濠', '州', '鍾', '離', '縣', '事', '；', '林', '。', '女', '六', '人', '：', '長', '適', '故', '朝', '奉', '大', '夫', '、', '知', '泰', '州', '司', '馬', '儼', '，', '次', '適', '武', '節', '郎', '、', '新', '東', '南', '第', '四', '副', '將', '紹', '興', '府', '駐', '劄', '董', '璆', '，', '次', '適', '奉', '議', '郎', '、', '知', '嘉', '興', '府', '海', '鹽', '縣', '事', '史', '彌', '謹', '，', '次', '適', '國', '子', '進', '士', '樓', '溱', '，', '次', '適', '建', '昌', '軍', '新', '城', '縣', '主', '簿', '王', '深', '；', '一', '蚤', '亡', '。', '孫', '男', '一', '十', '人', '：', '炳', '煜', '，', '武', '經', '郎', '、', '新', '特', '差', '充', '殿', '前', '司', '書', '寫', '機', '宜', '文', '字', '；', '煁', '，', '故', '承', '節', '郎', '、', '閤', '門', '看', '班', '祗', '候', '、', '監', '饒', '州', '在', '城', '商', '税', '；', '焕', '，', '故', '從', '義', '郎', '、', '監', '兩', '浙', '轉', '運', '司', '婺', '州', '蘭', '谿', '酒', '庫', '；', '光', '，', '奉', '議', '郎', '、', '新', '通', '判', '婺', '州', '軍', '州', '事', '；', '[', 'C', 'F', 'o', 'n', 't', ']', 'N', 'F', 'E', 'B', '3', '[', '/', 'C', 'F', 'o', 'n', 't', ']', '，', '文', '林', '郎', '、', '監', '泰', '州', '角', '斜', '鹽', '場', '；', '焯', '、', '爚', '，', '國', '子', '進', '士', '。', '剡', '，', '國', '學', '生', '。', '煒', '、', '煓', '、', '熠', '，', '國', '子', '進', '士', '，', '[', 'C', 'F', 'o', 'n', 't', ']', 'N', 'F', 'E', 'A', '7', '[', '/', 'C', 'F', 'o', 'n', 't', ']', '、', '燔', '、', '焴', '、', '燐', '、', '煟', '、', '燫', '、', '炎', '，', '承', '信', '郎', '。', '孫', '女', '九', '人', '：', '修', '武', '郎', '、', '新', '監', '湖', '州', '在', '城', '都', '酒', '務', '宋', '克', '明', '，', '太', '學', '生', '汪', '祥', '，', '進', '士', '陸', '枃', '，', '迪', '功', '郎', '、', '辰', '州', '司', '户', '參', '軍', '司', '馬', '遂', '，', '奉', '議', '郎', '、', '知', '江', '州', '彭', '澤', '縣', '事', '趙', '希', '蓁', '，', '迪', '功', '郎', '、', '新', '臨', '安', '府', '仁', '和', '縣', '主', '簿', '黄', '夢', '與', '、', '史', '挺', '之', '，', '承', '信', '郎', '、', '新', '監', '撫', '州', '户', '部', '贍', '軍', '酒', '庫', '王', '堅', '，', '迪', '功', '郎', '、', '新', '嚴', '州', '淳', '安', '縣', '主', '簿', '趙', '希', '怤', '，', '其', '壻', '也', '，', '餘', '在', '室', '。', '曾', '孫', '二', '十', '人', '：', '埏', '、', '垓', '、', '填', '、', '垕', '、', '埜', '、', '塈', '、', '坰', '、', '奎', '、', '坡', '、', '塾', '、', '增', '、', '堂', '、', '[', 'C', 'F', 'o', 'n', 't', ']', 'N', 'F', 'E', 'B', '4', '[', '/', 'C', 'F', 'o', 'n', 't', ']', '、', '墅', '、', '基', '、', '墉', '、', '壁', '、', '至', '、', '[', 'C', 'F', 'o', 'n', 't', ']', 'N', 'F', 'E', 'B', '5', '[', '/', 'C', 'F', 'o', 'n', 't', ']', '、', '堅', '。', '曾', '孫', '女', '十', '人', '：', '適', '進', '士', '何', '沖', '、', '朱', '中', '庸', '、', '顧', '大', '聲', '、', '國', '子', '進', '士', '趙', '時', '古', '，', '餘', '在', '室', '。']","['O', 'O', 'O', 'O', 'O', 'O', 'O', 'O', 'O', 'O', 'O', 'O', 'O', 'O', 'O', 'O', 'O', 'O', 'O', 'O', 'O', 'O', 'B-FFF', 'I-FFF', 'O', 'O', 'O', 'O', 'O', 'O', 'O', 'O', 'O', 'O', 'O', 'O', 'B-FF', 'O', 'O', 'O', 'O', 'O', 'O', 'O', 'O', 'O', 'O', 'O', 'O', 'O', 'O', 'O', 'O', 'O', 'B-F', 'O', 'O', 'O', 'O', 'O', 'O', 'O', 'O', 'O', 'O', 'O', 'O', 'O', 'O', 'O', 'O', 'O', 'O', 'O', 'O', 'O', 'O', 'O', 'B-W1', 'I-W1', 'O', 'O', 'O', 'O', 'O', 'O', 'O', 'O', 'O', 'O', 'O', 'O', 'O', 'O', 'O', 'O', 'O', 'O', 'O', 'O', 'O', 'O', 'O', 'O', 'O', 'O', 'O', 'O', 'O', 'O', 'O', 'O', 'O', 'O', 'O', 'O', 'O', 'O', 'O', 'O', 'O', 'O', 'B-S', 'O', 'O', 'O', 'O', 'O', 'O', 'O', 'O', 'O', 'O', 'O', 'O', 'O', 'O', 'O', 'O', 'O', 'O', 'O', 'O', 'O', 'O', 'O', 'O', 'O', 'B-S', 'O', 'O', 'O', 'O', 'O', 'O', 'O', 'O', 'O', 'O', 'O', 'O', 'O', 'O', 'O', 'O', 'O', 'O', 'O', 'O', 'O', 'O', 'O', 'O', 'O', 'O', 'O', 'O', 'O', 'O', 'B-S', 'O', 'O', 'O', 'O', 'O', 'O', 'B-S', 'O', 'O', 'O', 'O', 'O', 'O', 'O', 'O', 'O', 'O', 'O', 'O', 'O', 'O', 'O', 'O', 'B-S', 'O', 'O', 'O', 'O', 'O', 'O', 'O', 'O', 'O', 'O', 'O', 'O', 'O', 'O', 'B-S', 'O', 'O', 'O', 'O', 'O', 'O', 'O', 'O', 'O', 'O', 'O', 'O', 'O', 'O', 'O', 'O', 'B-DH', 'I-DH', 'I-DH', 'O', 'O', 'O', 'O', 'O', 'O', 'O', 'O', 'O', 'O', 'O', 'O', 'O', 'O', 'O', 'O', 'O', 'O', 'O', 'B-DH', 'I-DH', 'O', 'O', 'O', 'O', 'O', 'O', 'O', 'O', 'O', 'O', 'O', 'O', 'O', 'O', 'O', 'B-DH', 'I-DH', 'I-DH', 'O', 'O', 'O', 'O', 'O', 'O', 'O', 'B-DH', 'I-DH', 'O', 'O', 'O', 'O', 'O', 'O', 'O', 'O', 'O', 'O', 'O', 'B-DH', 'I-DH', 'O', 'O', 'O', 'O', 'O', 'O', 'O', 'O', 'O', 'O', 'O', 'B-SS', 'I-SS', 'O', 'O', 'O', 'O', 'O', 'O', 'O', 'O', 'O', 'O', 'O', 'O', 'O', 'O', 'O', 'O', 'O', 'O', 'O', 'B-SS', 'O', 'O', 'O', 'O', 'O', 'O', 'O', 'O', 'O', 'O', 'O', 'O', 'O', 'O', 'O', 'O', 'O', 'O', 'O', 'O', 'O', 'B-SS', 'O', 'O', 'O', 'O', 'O', 'O', 'O', 'O', 'O', 'O', 'O', 'O', 'O', 'O', 'O', 'O', 'O', 'O', 'O', 'B-SS', 'O', 'O', 'O', 'O', 'O', 'O', 'O', 'O', 'O', 'O', 'O', 'O', 'O', 'O', 'O', 'O', 'O', 'O', 'O', 'O', 'O', 'O', 'O', 'O', 'O', 'O', 'O', 'O', 'O', 'O', 'O', 'O', 'O', 'O', 'O', 'O', 'O', 'O', 'O', 'O', 'O', 'O', 'O', 'O', 'O', 'O', 'O', 'B-SS', 'O', 'B-SS', 'O', 'O', 'O', 'O', 'O', 'O', 'B-SS', 'O', 'O', 'O', 'O', 'O', 'B-SS', 'O', 'B-SS', 'O', 'B-SS', 'O', 'O', 'O', 'O', 'O', 'O', 'O', 'O', 'O', 'O', 'O', 'O', 'O', 'O', 'O', 'O', 'O', 'O', 'O', 'O', 'O', 'O', 'O', 'O', 'O', 'O', 'O', 'B-SS', 'O', 'B-SS', 'O', 'B-SS', 'O', 'B-SS', 'O', 'B-SS', 'O', 'B-SS', 'O', 'O', 'O', 'O', 'O', 'O', 'O', 'O', 'O', 'O', 'O', 'O', 'O', 'O', 'O', 'O', 'O', 'O', 'O', 'O', 'O', 'O', 'O', 'O', 'O', 'O', 'O', 'O', 'O', 'O', 'O', 'O', 'O', 'O', 'O', 'O', 'O', 'O', 'O', 'O', 'O', 'O', 'O', 'O', 'O', 'O', 'O', 'O', 'O', 'O', 'O', 'O', 'O', 'O', 'O', 'O', 'O', 'O', 'O', 'O', 'O', 'O', 'O', 'O', 'O', 'O', 'O', 'O', 'O', 'O', 'O', 'O', 'O', 'O', 'O', 'O', 'O', 'O', 'O', 'O', 'O', 'O', 'O', 'O', 'O', 'O', 'O', 'O', 'O', 'O', 'O', 'O', 'O', 'O', 'O', 'O', 'O', 'O', 'O', 'O', 'O', 'O', 'O', 'O', 'O', 'O', 'O', 'O', 'O', 'O', 'O', 'O', 'O', 'O', 'O', 'O', 'O', 'O', 'O', 'O', 'O', 'O', 'O', 'O', 'O', 'O', 'O', 'O', 'O', 'O', 'O', 'O', 'O', 'O', 'O', 'O', 'O', 'O', 'O', 'O', 'O', 'O', 'O', 'O', 'O', 'O', 'O', 'O', 'O', 'O', 'O', 'O', 'O', 'O', 'O', 'O', 'O', 'O', 'O', 'O', 'O', 'O', 'O', 'O', 'O', 'O', 'O', 'O', 'O', 'O', 'O', 'O', 'O', 'O', 'O', 'O', 'O', 'O', 'O', 'O', 'O', 'O', 'O', 'O', 'O', 'O', 'O', 'O', 'O', 'O', 'O', 'O', 'O', 'O', 'O', 'O', 'O', 'O', 'O', 'O', 'O', 'O', 'O', 'O', 'O', 'O', 'O', 'O', 'O', 'O', 'O', 'O', 'O', 'O', 'O', 'O', 'O', 'O', 'O', 'O', 'O', 'O', 'O', 'O', 'O', 'O', 'O', 'O', 'O', 'O', 'O', 'O', 'O', 'O', 'O', 'O', 'O', 'O', 'O', 'O', 'O', 'O', 'O', 'O', 'O']"
"['君', '字', '洪', '卿', '，', '世', '家', '吴', '興', '，', '後', '徙', '于', '明', '。', '明', '今', '爲', '慶', '元', '府', '。', '曾', '大', '父', '阜', '，', '迪', '功', '郎', '、', '容', '州', '司', '户', '。', '輕', '財', '好', '施', '，', '創', '必', '慶', '堂', '于', '城', '南', '，', '延', '師', '以', '教', '宗', '族', '之', '子', '弟', '，', '于', '是', '姚', '氏', '後', '又', '有', '曰', '大', '任', '，', '曰', '持', '，', '曰', '孚', '者', '，', '相', '踵', '擢', '第', '，', '遂', '爲', '聞', '族', '。', '孚', '即', '君', '之', '大', '父', '也', '，', '尤', '號', '博', '洽', '。', '三', '預', '計', '偕', '，', '入', '太', '學', '。', '宦', '情', '素', '薄', '，', '再', '調', '和', '州', '録', '事', '參', '軍', '，', '遂', '致', '其', '事', '，', '終', '左', '奉', '議', '郎', '。', '父', '孝', '全', '，', '封', '朝', '奉', '大', '夫', '致', '仕', '，', '賜', '紫', '金', '魚', '袋', '。', '母', '宜', '人', '楊', '氏', '。', '。', '二', '子', '：', '元', '特', '，', '四', '歲', '。', '元', '哲', '，', '二', '歲', '。', '一', '女', '，', '在', '二', '子', '之', '間', '。']","['O', 'O', 'O', 'O', 'O', 'O', 'O', 'O', 'O', 'O', 'O', 'O', 'O', 'O', 'O', 'O', 'O', 'O', 'O', 'O', 'O', 'O', 'O', 'O', 'O', 'B-FFF', 'O', 'O', 'O', 'O', 'O', 'O', 'O', 'O', 'O', 'O', 'O', 'O', 'O', 'O', 'O', 'O', 'O', 'O', 'O', 'O', 'O', 'O', 'O', 'O', 'O', 'O', 'O', 'O', 'O', 'O', 'O', 'O', 'O', 'O', 'O', 'O', 'O', 'O', 'O', 'O', 'O', 'O', 'O', 'O', 'O', 'O', 'O', 'O', 'O', 'O', 'O', 'O', 'O', 'O', 'O', 'O', 'O', 'O', 'O', 'O', 'O', 'B-FF', 'O', 'O', 'O', 'O', 'O', 'O', 'O', 'O', 'O', 'O', 'O', 'O', 'O', 'O', 'O', 'O', 'O', 'O', 'O', 'O', 'O', 'O', 'O', 'O', 'O', 'O', 'O', 'O', 'O', 'O', 'O', 'O', 'O', 'O', 'O', 'O', 'O', 'O', 'O', 'O', 'O', 'O', 'O', 'O', 'O', 'O', 'O', 'B-F', 'I-F', 'O', 'O', 'O', 'O', 'O', 'O', 'O', 'O', 'O', 'O', 'O', 'O', 'O', 'O', 'O', 'O', 'O', 'O', 'B-M', 'I-M', 'O', 'O', 'O', 'O', 'O', 'B-S', 'I-S', 'O', 'O', 'O', 'O', 'B-S', 'I-S', 'O', 'O', 'O', 'O', 'O', 'O', 'O', 'O', 'O', 'O', 'O', 'O', 'O']"
"['娶', '陶', '山', '張', '氏', '，', '相', '敬', '待', '如', '賓', '，', '家', '無', '間', '言', '。', '後', '君', '十', '五', '年', '卒', '，', '寔', '嘉', '泰', '三', '年', '七', '月', '十', '二', '日', '也', '，', '年', '八', '十', '。', '男', '二', '人', '：', '誠', '之', '，', '爲', '郡', '直', '學', '。', '淇', '，', '爲', '太', '學', '生', '。', '女', '六', '人', '：', '長', '適', '張', '涣', '，', '次', '適', '諸', '葛', '詵', '，', '次', '適', '包', '暹', '，', '次', '適', '迪', '功', '郎', '、', '廬', '州', '州', '學', '教', '授', '張', '泳', '，', '次', '爲', '尼', '，', '名', '法', '壽', '，', '住', '處', '州', '回', '向', '院', '。', '幼', '適', '王', '廷', '碩', '。', '孫', '男', '三', '人', '：', '橚', '、', '杕', '、', '復', '。', '孫', '女', '五', '人', '。', '曾', '大', '父', '天', '休', '，', '大', '父', '臨', '，', '父', '端', '夫', '，', '俱', '隱', '德', '不', '曜', '，', '後', '其', '有', '興', '乎', '!', '從', '兄', '之', '子', '溪', '、', '闓', '之', '俱', '擢', '儒', '科', '，', '溪', '有', '盛', '名', '，', '今', '爲', '兵', '部', '侍', '郎', '、', '太', '子', '右', '庶', '子', '，', '在', '君', '諸', '生', '中', '尤', '傑', '然', '者', '也', '。']","['O', 'O', 'O', 'B-W1', 'I-W1', 'O', 'O', 'O', 'O', 'O', 'O', 'O', 'O', 'O', 'O', 'O', 'O', 'O', 'O', 'O', 'O', 'O', 'O', 'O', 'O', 'O', 'O', 'O', 'O', 'O', 'O', 'O', 'O', 'O', 'O', 'O', 'O', 'O', 'O', 'O', 'O', 'O', 'O', 'O', 'B-S', 'I-S', 'O', 'O', 'O', 'O', 'O', 'O', 'B-S', 'O', 'O', 'O', 'O', 'O', 'O', 'O', 'O', 'O', 'O', 'O', 'O', 'B-DH', 'I-DH', 'O', 'O', 'O', 'B-DH', 'I-DH', 'I-DH', 'O', 'O', 'O', 'B-DH', 'I-DH', 'O', 'O', 'O', 'B-DH', 'I-DH', 'I-DH', 'O', 'O', 'O', 'O', 'O', 'O', 'O', 'B-DH', 'I-DH', 'O', 'O', 'O', 'O', 'O', 'O', 'B-D', 'I-D', 'O', 'O', 'O', 'O', 'O', 'O', 'O', 'O', 'O', 'O', 'B-DH', 'I-DH', 'I-DH', 'O', 'O', 'O', 'O', 'O', 'O', 'B-SS', 'O', 'B-SS', 'O', 'B-SS', 'O', 'O', 'O', 'O', 'O', 'O', 'O', 'O', 'O', 'B-FFF', 'I-FFF', 'O', 'O', 'O', 'B-FF', 'O', 'O', 'B-F', 'I-F', 'O', 'O', 'O', 'O', 'O', 'O', 'O', 'O', 'O', 'O', 'O', 'O', 'O', 'O', 'O', 'O', 'O', 'O', 'O', 'O', 'O', 'O', 'O', 'O', 'O', 'O', 'O', 'O', 'O', 'O', 'O', 'O', 'O', 'O', 'O', 'O', 'O', 'O', 'O', 'O', 'O', 'O', 'O', 'O', 'O', 'O', 'O', 'O', 'O', 'O', 'O', 'O', 'O', 'O', 'O']"
"['四', '明', '有', '善', '士', '林', '君', '諱', '碩', '，', '字', '興', '祖', '，', '開', '禧', '二', '年', '十', '一', '月', '七', '日', '卒', '，', '年', '七', '十', '有', '四', '。', '曾', '祖', '曰', '簡', '，', '隱', '德', '自', '高', '。', '祖', '暐', '漫', '仕', '，', '韶', '司', '户', '曹', '。', '財', '雄', '一', '鄉', '，', '積', '豐', '施', '厚', '。', '植', '德', '名', '堂', '，', '用', '昌', '厥', '後', '。', '父', '嵩', '儒', '科', '，', '晚', '仕', '不', '顯', '。', '節', '度', '推', '官', '，', '官', '止', '清', '遠', '。', '母', '也', '馮', '氏', '，', '賢', '如', '軻', '親', '。', '恂', '恂', '二', '子', '，', '處', '恭', '事', '敬', '。', '伯', '曰', '惟', '忠', '，', '叔', '曰', '惟', '孝', '。', '夫', '人', '曰', '任', '，', '克', '相', '夫', '子', '。']","['O', 'O', 'O', 'O', 'O', 'O', 'O', 'O', 'O', 'O', 'O', 'O', 'O', 'O', 'O', 'O', 'O', 'O', 'O', 'O', 'O', 'O', 'O', 'O', 'O', 'O', 'O', 'O', 'O', 'O', 'O', 'O', 'O', 'O', 'B-FFF', 'O', 'O', 'O', 'O', 'O', 'O', 'O', 'O', 'B-FF', 'I-FF', 'O', 'O', 'O', 'O', 'O', 'O', 'O', 'O', 'O', 'O', 'O', 'O', 'O', 'O', 'O', 'O', 'O', 'O', 'O', 'O', 'O', 'O', 'O', 'O', 'O', 'O', 'O', 'B-F', 'O', 'O', 'O', 'O', 'O', 'O', 'O', 'O', 'O', 'O', 'O', 'O', 'O', 'O', 'O', 'O', 'O', 'O', 'O', 'O', 'B-M', 'I-M', 'O', 'O', 'O', 'O', 'O', 'O', 'O', 'O', 'O', 'O', 'O', 'O', 'O', 'O', 'O', 'O', 'O', 'O', 'O', 'O', 'O', 'O', 'O', 'O', 'O', 'O', 'O', 'O', 'O', 'O', 'O', 'O', 'O', 'O', 'O', 'O']"
"['君', '諱', '柄', '，', '子', '謙', '其', '字', '也', '，', '家', '世', '汴', '京', '。', '曾', '祖', '侁', '，', '故', '右', '侍', '禁', '、', '閤', '門', '祗', '候', '、', '贈', '武', '德', '郎', '。', '祖', '寬', '，', '故', '成', '忠', '郎', '、', '閤', '門', '祇', '候', '、', '贈', '吉', '州', '刺', '史', '。', '以', '靖', '康', '避', '地', '始', '徙', '鄞', '，', '今', '爲', '慶', '元', '府', '人', '。', '父', '浩', '，', '故', '武', '顯', '大', '夫', '累', '贈', '和', '州', '防', '禦', '使', '，', '君', '既', '升', '朝', '，', '改', '贈', '宣', '奉', '大', '夫', '。', '母', '朱', '氏', '，', '仁', '懷', '皇', '后', '姪', '也', '，', '封', '宜', '人', '，', '累', '贈', '碩', '人', '。', '娶', '魏', '氏', '，', '丞', '相', '文', '節', '公', '母', '弟', '知', '寧', '國', '府', '涇', '縣', '梠', '之', '女', '，', '封', '孺', '人', '。', '男', '一', '：', '煓', '。', '女', '二', '：', '長', '許', '嫁', '迪', '功', '郎', '、', '新', '黄', '州', '黄', '岡', '縣', '尉', '司', '馬', '遂', '。']","['O', 'O', 'O', 'O', 'O', 'O', 'O', 'O', 'O', 'O', 'O', 'O', 'O', 'O', 'O', 'O', 'O', 'B-FFF', 'O', 'O', 'O', 'O', 'O', 'O', 'O', 'O', 'O', 'O', 'O', 'O', 'O', 'O', 'O', 'O', 'O', 'B-FF', 'O', 'O', 'O', 'O', 'O', 'O', 'O', 'O', 'O', 'O', 'O', 'O', 'O', 'O', 'O', 'O', 'O', 'O', 'O', 'O', 'O', 'O', 'O', 'O', 'O', 'O', 'O', 'O', 'O', 'O', 'O', 'O', 'O', 'O', 'B-F', 'O', 'O', 'O', 'O', 'O', 'O', 'O', 'O', 'O', 'O', 'O', 'O', 'O', 'O', 'O', 'O', 'O', 'O', 'O', 'O', 'O', 'O', 'O', 'O', 'O', 'O', 'O', 'B-M', 'I-M', 'O', 'O', 'O', 'O', 'O', 'O', 'O', 'O', 'O', 'O', 'O', 'O', 'O', 'O', 'O', 'O', 'O', 'O', 'B-W1', 'I-W1', 'O', 'O', 'O', 'O', 'O', 'O', 'O', 'O', 'O', 'O', 'O', 'O', 'O', 'O', 'O', 'O', 'O', 'O', 'O', 'O', 'O', 'O', 'O', 'O', 'O', 'B-S', 'O', 'O', 'O', 'O', 'O', 'O', 'O', 'O', 'O', 'O', 'O', 'O', 'O', 'O', 'O', 'O', 'O', 'O', 'B-DH', 'I-DH', 'I-DH', 'O']"
"['公', '諱', '大', '定', '，', '字', '季', '應', '，', '世', '爲', '鄞', '人', '。', '曾', '祖', '元', '吉', '，', '有', '隱', '德', '于', '鄉', '。', '祖', '洙', '，', '爲', '鄉', '先', '生', '，', '以', '特', '恩', '補', '官', '，', '贈', '正', '奉', '大', '夫', '。', '父', '思', '温', '，', '左', '朝', '議', '大', '夫', '、', '直', '顯', '謨', '閣', '，', '贈', '少', '師', '。', '母', '王', '氏', '，', '封', '恭', '人', '，', '贈', '越', '國', '夫', '人', '。', '所', '生', '母', '沈', '氏', '，', '贈', '宜', '人', '。', '娶', '陸', '氏', '，', '故', '發', '運', '使', '寘', '之', '女', '。', '明', '慧', '勤', '約', '，', '内', '助', '甚', '飭', '。', '相', '夫', '教', '子', '，', '俱', '有', '可', '稱', '。', '先', '二', '十', '六', '年', '卒', '，', '贈', '宜', '人', '。', '子', '男', '五', '人', '：', '敏', '中', '，', '從', '事', '郎', '、', '撫', '州', '軍', '事', '推', '官', '；', '教', '中', '，', '將', '受', '公', '遺', '澤', '；', '餘', '幼', '亡', '。', '女', '八', '人', '，', '其', '三', '亦', '先', '卒', '；', '一', '適', '陸', '森', '，', '宜', '人', '弟', '之', '子', '；', '其', '次', '迪', '功', '郎', '、', '監', '鎮', '江', '府', '延', '陵', '鎮', '趙', '希', '一', '，', '從', '事', '郎', '、', '台', '州', '臨', '海', '縣', '丞', '趙', '師', '侊', '，', '里', '士', '黄', '沐', '，', '皆', '壻', '也', '；', '一', '尚', '幼', '。', '孫', '男', '一', '人', '：', '之', '綱', '，', '迪', '功', '郎', '、', '臨', '安', '府', '富', '陽', '縣', '主', '簿', '。']","['O', 'O', 'O', 'O', 'O', 'O', 'O', 'O', 'O', 'O', 'O', 'O', 'O', 'O', 'O', 'O', 'B-FFF', 'I-FFF', 'O', 'O', 'O', 'O', 'O', 'O', 'O', 'O', 'B-FF', 'O', 'O', 'O', 'O', 'O', 'O', 'O', 'O', 'O', 'O', 'O', 'O', 'O', 'O', 'O', 'O', 'O', 'O', 'O', 'B-F', 'I-F', 'O', 'O', 'O', 'O', 'O', 'O', 'O', 'O', 'O', 'O', 'O', 'O', 'O', 'O', 'O', 'O', 'O', 'B-M', 'I-M', 'O', 'O', 'O', 'O', 'O', 'O', 'O', 'O', 'O', 'O', 'O', 'O', 'O', 'O', 'B-M', 'I-M', 'O', 'O', 'O', 'O', 'O', 'O', 'B-W1', 'I-W1', 'O', 'O', 'O', 'O', 'O', 'O', 'O', 'O', 'O', 'O', 'O', 'O', 'O', 'O', 'O', 'O', 'O', 'O', 'O', 'O', 'O', 'O', 'O', 'O', 'O', 'O', 'O', 'O', 'O', 'O', 'O', 'O', 'O', 'O', 'O', 'O', 'O', 'O', 'O', 'O', 'O', 'O', 'O', 'O', 'O', 'B-S', 'I-S', 'O', 'O', 'O', 'O', 'O', 'O', 'O', 'O', 'O', 'O', 'O', 'O', 'B-S', 'I-S', 'O', 'O', 'O', 'O', 'O', 'O', 'O', 'O', 'O', 'O', 'O', 'O', 'O', 'O', 'O', 'O', 'O', 'O', 'O', 'O', 'O', 'O', 'O', 'B-DH', 'I-DH', 'O', 'O', 'O', 'O', 'O', 'O', 'O', 'O', 'O', 'O', 'O', 'O', 'O', 'O', 'O', 'O', 'O', 'O', 'O', 'O', 'B-DH', 'I-DH', 'I-DH', 'O', 'O', 'O', 'O', 'O', 'O', 'O', 'O', 'O', 'O', 'O', 'B-DH', 'B-DH', 'I-DH', 'O', 'O', 'O', 'O', 'O', 'O', 'O', 'O', 'O', 'O', 'O', 'O', 'O', 'O', 'O', 'O', 'O', 'O', 'O', 'B-SS', 'I-SS', 'O', 'O', 'O', 'O', 'O', 'O', 'O', 'O', 'O', 'O', 'O', 'O', 'O', 'O']"
"['娶', '林', '氏', '。', '子', '男', '九', '人', '：', '煇', '、', '燁', '、', '焯', '、', '焕', '、', '[', 'C', 'F', 'o', 'n', 't', ']', 'N', 'F', 'E', 'A', '7', '[', '/', 'C', 'F', 'o', 'n', 't', ']', '、', '炤', '、', '煜', '、', '煒', '、', '燀', '。', '長', '子', '及', '炤', '、', '煜', '早', '卒', '。', '焯', '迪', '功', '郎', '、', '台', '州', '臨', '海', '縣', '尉', '。', '女', '三', '人', '，', '壻', '孫', '輈', '、', '劉', '佃', '、', '紀', '橒', '，', '皆', '里', '士', '。', '孫', '二', '人', '，', '塤', '、', '坦', '。', '女', '四', '人', '在', '室', '。']","['O', 'B-W1', 'I-W1', 'O', 'O', 'O', 'O', 'O', 'O', 'B-S', 'O', 'B-S', 'O', 'B-S', 'O', 'B-S', 'O', 'O', 'O', 'O', 'O', 'O', 'O', 'O', 'O', 'O', 'O', 'O', 'O', 'O', 'O', 'O', 'O', 'O', 'O', 'O', 'O', 'O', 'B-S', 'O', 'B-S', 'O', 'B-S', 'O', 'B-S', 'O', 'O', 'O', 'B-S', 'I-S', 'O', 'O', 'O', 'O', 'O', 'O', 'O', 'O', 'O', 'O', 'O', 'O', 'O', 'O', 'O', 'O', 'O', 'O', 'O', 'O', 'O', 'O', 'B-DH', 'I-DH', 'O', 'B-DH', 'I-DH', 'O', 'B-DH', 'I-DH', 'O', 'O', 'O', 'O', 'O', 'O', 'O', 'O', 'O', 'B-SS', 'O', 'B-SS', 'O', 'O', 'O', 'O', 'O', 'O', 'O']"
"['君', '諱', '仁', '儉', '，', '字', '約', '之', '，', '姓', '黄', '氏', '。', '本', '出', '建', '寧', '浦', '城', '谿', '東', '之', '族', '，', '慶', '曆', '皇', '祐', '間', '，', '高', '祖', '銀', '青', '仕', '于', '中', '原', '，', '因', '家', '于', '陳', '之', '宛', '丘', '。', '曾', '祖', '好', '謙', '，', '朝', '散', '郎', '，', '知', '潁', '州', '，', '贈', '通', '議', '大', '夫', '。', '祖', '宰', '，', '承', '事', '郎', '，', '特', '贈', '直', '秘', '閣', '，', '累', '贈', '金', '紫', '光', '禄', '大', '夫', '。', '父', '子', '游', '，', '朝', '請', '大', '夫', '，', '以', '君', '升', '朝', '，', '贈', '奉', '直', '大', '夫', '。', '母', '武', '氏', '，', '贈', '恭', '人', '。', '娶', '高', '氏', '，', '建', '昌', '軍', '通', '判', '公', '惕', '之', '女', '，', '后', '族', '也', '，', '先', '四', '十', '一', '年', '卒', '。', '再', '娶', '陸', '氏', '，', '處', '州', '通', '判', '康', '民', '之', '女', '，', '實', '左', '丞', '諸', '孫', '，', '先', '八', '年', '卒', '。', '皆', '贈', '孺', '人', '。', '子', '三', '人', '：', '直', '行', '，', '迪', '功', '郎', '、', '監', '台', '州', '黄', '巖', '縣', '鹽', '監', '，', '管', '押', '袋', '鹽', '；', '次', '直', '古', '，', '早', '卒', '。', '次', '直', '義', '。', '女', '二', '人', '：', '長', '未', '行', '而', '亡', '，', '次', '適', '進', '士', '陳', '經', '。', '孫', '男', '三', '人', '：', '正', '蒙', '、', '正', '需', '、', '正', '師', '。', '女', '四', '人', '：', '長', '許', '適', '進', '士', '鄭', '樞', '。', '君', '先', '葬', '高', '氏', '于', '縣', '之', '寶', '化', '山', '，', '又', '自', '卜', '壽', '藏', '于', '禽', '孝', '鄉', '車', '盤', '隩', '之', '原', '。']","['O', 'O', 'O', 'O', 'O', 'O', 'O', 'O', 'O', 'O', 'O', 'O', 'O', 'O', 'O', 'O', 'O', 'O', 'O', 'O', 'O', 'O', 'O', 'O', 'O', 'O', 'O', 'O', 'O', 'O', 'O', 'O', 'O', 'O', 'O', 'O', 'O', 'O', 'O', 'O', 'O', 'O', 'O', 'O', 'O', 'O', 'O', 'O', 'O', 'B-FFF', 'I-FFF', 'O', 'O', 'O', 'O', 'O', 'O', 'O', 'O', 'O', 'O', 'O', 'O', 'O', 'O', 'O', 'O', 'B-FF', 'O', 'O', 'O', 'O', 'O', 'O', 'O', 'O', 'O', 'O', 'O', 'O', 'O', 'O', 'O', 'O', 'O', 'O', 'O', 'O', 'O', 'B-F', 'I-F', 'O', 'O', 'O', 'O', 'O', 'O', 'O', 'O', 'O', 'O', 'O', 'O', 'O', 'O', 'O', 'O', 'O', 'O', 'B-M', 'I-M', 'O', 'O', 'O', 'O', 'O', 'O', 'B-W1', 'I-W1', 'O', 'O', 'O', 'O', 'O', 'O', 'O', 'O', 'O', 'O', 'O', 'O', 'O', 'O', 'O', 'O', 'O', 'O', 'O', 'O', 'O', 'O', 'O', 'O', 'B-W2', 'I-W2', 'O', 'O', 'O', 'O', 'O', 'O', 'O', 'O', 'O', 'O', 'O', 'O', 'O', 'O', 'O', 'O', 'O', 'O', 'O', 'O', 'O', 'O', 'O', 'O', 'O', 'O', 'O', 'O', 'O', 'O', 'B-S', 'I-S', 'O', 'O', 'O', 'O', 'O', 'O', 'O', 'O', 'O', 'O', 'O', 'O', 'O', 'O', 'O', 'O', 'O', 'O', 'O', 'O', 'B-S', 'I-S', 'O', 'O', 'O', 'O', 'O', 'B-S', 'I-S', 'O', 'O', 'O', 'O', 'O', 'O', 'O', 'O', 'O', 'O', 'O', 'O', 'O', 'O', 'O', 'B-DH', 'I-DH', 'O', 'O', 'O', 'O', 'O', 'O', 'B-SS', 'I-SS', 'O', 'B-SS', 'I-SS', 'O', 'B-SS', 'I-SS', 'O', 'O', 'O', 'O', 'O', 'O', 'O', 'O', 'O', 'O', 'O', 'O', 'O', 'O', 'O', 'O', 'O', 'O', 'O', 'O', 'O', 'O', 'O', 'O', 'O', 'O', 'O', 'O', 'O', 'O', 'O', 'O', 'O', 'O', 'O', 'O', 'O', 'O', 'O', 'O']"
"['昌', '陵', '皇', '子', '燕', '懿', '王', '德', '昭', '生', '彰', '化', '軍', '節', '度', '使', '、', '舒', '國', '公', '惟', '忠', '，', '舒', '國', '生', '定', '州', '觀', '察', '使', '、', '博', '陵', '侯', '從', '實', '，', '博', '陵', '生', '保', '康', '軍', '節', '度', '使', '、', '開', '府', '儀', '同', '三', '司', '、', '房', '國', '公', '世', '彊', '，', '是', '爲', '公', '之', '曾', '祖', '。', '房', '國', '生', '皇', '兄', '昭', '慶', '軍', '節', '度', '使', '、', '安', '康', '郡', '公', '令', '磾', '，', '是', '爲', '祖', '。', '武', '德', '郎', '子', '祐', '，', '公', '之', '父', '也', '。', '武', '德', '南', '渡', '，', '轉', '徙', '久', '之', '，', '始', '寓', '于', '台', '。', '娶', '程', '氏', '，', '以', '紹', '興', '二', '十', '一', '年', '五', '月', '庚', '子', '朔', '卒', '，', '殯', '于', '白', '龍', '潭', '之', '精', '舍', '，', '至', '是', '合', '焉', '。', '四', '男', '子', '：', '師', '紘', '，', '今', '爲', '忠', '訓', '郎', '，', '添', '差', '充', '潭', '州', '排', '岸', '；', '次', '師', '臮', '，', '亡', '矣', '；', '次', '師', '絳', '，', '保', '義', '郎', '，', '添', '差', '監', '婺', '州', '都', '税', '務', '；', '次', '師', '[', 'C', 'F', 'o', 'n', 't', ']', 'N', 'F', 'E', 'A', '6', '[', '/', 'C', 'F', 'o', 'n', 't', ']', '，', '修', '職', '郎', '，', '共', '甫', '也', '，', '各', '以', '科', '目', '進', '。', '二', '女', '：', '長', '適', '修', '武', '郎', '李', '蒙', '，', '次', '適', '成', '忠', '郎', '張', '萬', '。', '孫', '男', '九', '人', '：', '希', '魚', '、', '希', '珉', '、', '希', '賀', '、', '希', '淵', '、', '希', '魯', '、', '希', '瑀', '、', '希', '韺', '、', '希', '韶', '、', '希', '梴', '。', '女', '十', '人', '。']","['O', 'O', 'O', 'O', 'O', 'O', 'O', 'O', 'O', 'O', 'O', 'O', 'O', 'O', 'O', 'O', 'O', 'O', 'O', 'O', 'O', 'O', 'O', 'O', 'O', 'O', 'O', 'O', 'O', 'O', 'O', 'O', 'O', 'O', 'O', 'O', 'O', 'O', 'O', 'O', 'O', 'O', 'O', 'O', 'O', 'O', 'O', 'O', 'O', 'O', 'O', 'O', 'O', 'O', 'O', 'O', 'O', 'O', 'B-FFF', 'I-FFF', 'O', 'O', 'O', 'O', 'O', 'O', 'O', 'O', 'O', 'O', 'O', 'O', 'O', 'O', 'O', 'O', 'O', 'O', 'O', 'O', 'O', 'O', 'O', 'O', 'B-FF', 'I-FF', 'O', 'O', 'O', 'O', 'O', 'O', 'O', 'O', 'B-F', 'I-F', 'O', 'O', 'O', 'O', 'O', 'O', 'O', 'O', 'O', 'O', 'O', 'O', 'O', 'O', 'O', 'O', 'O', 'O', 'O', 'O', 'O', 'O', 'B-W1', 'I-W1', 'O', 'O', 'O', 'O', 'O', 'O', 'O', 'O', 'O', 'O', 'O', 'O', 'O', 'O', 'O', 'O', 'O', 'O', 'O', 'O', 'O', 'O', 'O', 'O', 'O', 'O', 'O', 'O', 'O', 'O', 'O', 'O', 'O', 'B-S', 'I-S', 'O', 'O', 'O', 'O', 'O', 'O', 'O', 'O', 'O', 'O', 'O', 'O', 'O', 'O', 'O', 'O', 'B-S', 'I-S', 'O', 'O', 'O', 'O', 'O', 'B-S', 'I-S', 'O', 'O', 'O', 'O', 'O', 'O', 'O', 'O', 'O', 'O', 'O', 'O', 'O', 'O', 'O', 'O', 'O', 'O', 'O', 'O', 'O', 'O', 'O', 'O', 'O', 'O', 'O', 'O', 'O', 'O', 'O', 'O', 'O', 'O', 'O', 'O', 'O', 'O', 'O', 'O', 'O', 'O', 'O', 'O', 'O', 'O', 'O', 'O', 'O', 'O', 'O', 'O', 'O', 'O', 'O', 'O', 'O', 'O', 'O', 'B-DH', 'I-DH', 'O', 'O', 'O', 'O', 'O', 'O', 'B-DH', 'I-DH', 'O', 'O', 'O', 'O', 'O', 'O', 'B-SS', 'I-SS', 'O', 'B-SS', 'I-SS', 'O', 'B-SS', 'I-SS', 'O', 'B-SS', 'I-SS', 'O', 'B-SS', 'I-SS', 'O', 'B-SS', 'I-SS', 'O', 'B-SS', 'I-SS', 'O', 'B-SS', 'I-SS', 'O', 'B-SS', 'I-SS', 'O', 'O', 'O', 'O', 'O']"
"['太', '孺', '人', '世', '家', '東', '陽', '，', '曾', '大', '父', '羲', '，', '大', '父', '咨', '益', '，', '父', '嗣', '回', '。', '年', '二', '十', '嫁', '同', '邑', '喬', '居', '士', '森', '，', '時', '舅', '姑', '已', '殁', '，', '恨', '不', '逮', '事', '，', '事', '其', '神', '主', '于', '正', '寢', '如', '生', '。', '子', '三', '人', '：', '長', '德', '佐', '，', '先', '三', '年', '卒', '；', '次', '子', '驤', '，', '業', '儒', '；', '幼', '即', '行', '簡', '也', '，', '從', '事', '郎', '、', '饒', '州', '州', '學', '教', '授', '。', '女', '二', '人', '：', '長', '適', '王', '元', '諭', '，', '次', '適', '杜', '之', '琮', '。', '孫', '男', '三', '人', '：', '從', '龍', '，', '次', '龍', '，', '元', '龍', '。', '女', '六', '人', '尚', '幼', '。']","['O', 'O', 'O', 'O', 'O', 'O', 'O', 'O', 'O', 'O', 'O', 'B-FFF', 'O', 'O', 'O', 'B-FF', 'I-FF', 'O', 'O', 'B-F', 'I-F', 'O', 'O', 'O', 'O', 'O', 'O', 'O', 'O', 'O', 'O', 'O', 'O', 'O', 'O', 'O', 'O', 'O', 'O', 'O', 'O', 'O', 'O', 'O', 'O', 'O', 'O', 'O', 'O', 'O', 'O', 'O', 'O', 'O', 'O', 'O', 'O', 'O', 'O', 'B-S', 'I-S', 'O', 'O', 'O', 'O', 'O', 'O', 'O', 'B-S', 'I-S', 'O', 'O', 'O', 'O', 'O', 'O', 'B-S', 'I-S', 'O', 'O', 'O', 'O', 'O', 'O', 'O', 'O', 'O', 'O', 'O', 'O', 'O', 'O', 'O', 'O', 'O', 'O', 'O', 'B-DH', 'I-DH', 'I-DH', 'O', 'O', 'O', 'B-DH', 'I-DH', 'I-DH', 'O', 'O', 'O', 'O', 'O', 'O', 'B-SS', 'I-SS', 'O', 'B-SS', 'I-SS', 'O', 'B-SS', 'I-SS', 'O', 'O', 'O', 'O', 'O', 'O', 'O']"
"['公', '諱', '耜', '，', '字', '仲', '本', '，', '姓', '曹', '氏', '，', '世', '爲', '開', '封', '府', '祥', '符', '縣', '人', '。', '曾', '祖', '之', '器', '，', '宣', '義', '郎', '。', '祖', '組', '，', '由', '太', '學', '登', '宣', '和', '三', '年', '進', '士', '第', '，', '晚', '因', '郊', '祀', '進', '《', '祥', '光', '賦', '》', '，', '徽', '宗', '稱', '賞', '，', '召', '試', '中', '書', '省', '，', '换', '授', '武', '階', '，', '兼', '閤', '職', '，', '仍', '給', '事', '殿', '中', '，', '仕', '至', '道', '州', '刺', '史', '。', '有', '《', '箕', '潁', '集', '》', '，', '參', '政', '謝', '公', '克', '家', '爲', '之', '序', '。', '父', '勛', '，', '得', '世', '父', '官', '，', '歷', '事', '四', '朝', '，', '爲', '昭', '信', '軍', '節', '度', '使', '、', '開', '府', '儀', '同', '三', '司', '，', '累', '贈', '太', '師', '，', '諡', '忠', '靖', '。', '娶', '洪', '氏', '，', '吏', '部', '尚', '書', '擬', '之', '孫', '，', '通', '判', '明', '州', '光', '祖', '之', '女', '，', '封', '令', '人', '。', '子', '男', '二', '人', '：', '恕', '，', '承', '奉', '郎', '；', '志', '，', '忠', '翊', '郎', '，', '改', '奏', '授', '迪', '功', '郎', '、', '處', '州', '松', '陽', '縣', '主', '簿', '。', '俱', '先', '卒', '。', '孫', '一', '人', '，', '復', '，', '將', '以', '遺', '澤', '補', '官', '。']","['O', 'O', 'O', 'O', 'O', 'O', 'O', 'O', 'O', 'O', 'O', 'O', 'O', 'O', 'O', 'O', 'O', 'O', 'O', 'O', 'O', 'O', 'O', 'O', 'B-FFF', 'I-FFF', 'O', 'O', 'O', 'O', 'O', 'O', 'B-FF', 'O', 'O', 'O', 'O', 'O', 'O', 'O', 'O', 'O', 'O', 'O', 'O', 'O', 'O', 'O', 'O', 'O', 'O', 'O', 'O', 'O', 'O', 'O', 'O', 'O', 'O', 'O', 'O', 'O', 'O', 'O', 'O', 'O', 'O', 'O', 'O', 'O', 'O', 'O', 'O', 'O', 'O', 'O', 'O', 'O', 'O', 'O', 'O', 'O', 'O', 'O', 'O', 'O', 'O', 'O', 'O', 'O', 'O', 'O', 'O', 'O', 'O', 'O', 'O', 'O', 'O', 'O', 'O', 'O', 'O', 'O', 'O', 'O', 'O', 'O', 'B-F', 'O', 'O', 'O', 'O', 'O', 'O', 'O', 'O', 'O', 'O', 'O', 'O', 'O', 'O', 'O', 'O', 'O', 'O', 'O', 'O', 'O', 'O', 'O', 'O', 'O', 'O', 'O', 'O', 'O', 'O', 'O', 'O', 'O', 'O', 'O', 'O', 'B-W1', 'I-W1', 'O', 'O', 'O', 'O', 'O', 'O', 'O', 'O', 'O', 'O', 'O', 'O', 'O', 'O', 'O', 'O', 'O', 'O', 'O', 'O', 'O', 'O', 'O', 'O', 'O', 'O', 'O', 'B-S', 'O', 'O', 'O', 'O', 'O', 'B-S', 'O', 'O', 'O', 'O', 'O', 'O', 'O', 'O', 'O', 'O', 'O', 'O', 'O', 'O', 'O', 'O', 'O', 'O', 'O', 'O', 'O', 'O', 'O', 'O', 'O', 'O', 'O', 'O', 'B-SS', 'O', 'O', 'O', 'O', 'O', 'O', 'O', 'O']"
"['君', '姓', '高', '氏', '，', '諱', '元', '之', '，', '端', '叔', '其', '字', '也', '。', '韓', '國', '武', '烈', '王', '曾', '孫', '曰', '士', '擥', '，', '朝', '議', '大', '夫', '，', '是', '爲', '君', '之', '曾', '祖', '。', '祖', '公', '仔', '，', '右', '宣', '教', '郎', '、', '燕', '山', '府', '路', '宣', '撫', '使', '司', '主', '管', '機', '宜', '文', '字', '。', '考', '世', '埴', '，', '修', '職', '郎', '致', '仕', '。', '母', '洪', '氏', '，', '封', '孺', '人', '。', '娶', '朱', '氏', '，', '里', '士', '友', '聞', '之', '女', '，', '先', '三', '年', '卒', '。', '子', '男', '三', '人', '：', '子', '高', '、', '子', '亯', '、', '子', '文', '。', '一', '女', '：', '淑', '，', '尚', '幼', '。', '家', '貧', '無', '以', '葬', '，', '門', '人', '相', '與', '經', '紀', '其', '家', '。']","['O', 'O', 'O', 'O', 'O', 'O', 'O', 'O', 'O', 'O', 'O', 'O', 'O', 'O', 'O', 'O', 'O', 'O', 'O', 'O', 'O', 'O', 'O', 'B-FFF', 'I-FFF', 'O', 'O', 'O', 'O', 'O', 'O', 'O', 'O', 'O', 'O', 'O', 'O', 'O', 'O', 'B-FF', 'I-FF', 'O', 'O', 'O', 'O', 'O', 'O', 'O', 'O', 'O', 'O', 'O', 'O', 'O', 'O', 'O', 'O', 'O', 'O', 'O', 'O', 'O', 'O', 'B-F', 'I-F', 'O', 'O', 'O', 'O', 'O', 'O', 'O', 'O', 'B-M', 'I-M', 'O', 'O', 'O', 'O', 'O', 'O', 'B-W1', 'I-W1', 'O', 'O', 'O', 'O', 'O', 'O', 'O', 'O', 'O', 'O', 'O', 'O', 'O', 'O', 'O', 'O', 'O', 'O', 'B-S', 'I-S', 'O', 'B-S', 'I-S', 'O', 'B-S', 'I-S', 'O', 'O', 'O', 'O', 'B-D', 'O', 'O', 'O', 'O', 'O', 'O', 'O', 'O', 'O', 'O', 'O', 'O', 'O', 'O', 'O', 'O', 'O', 'O', 'O']"
"['夫', '人', '姓', '孫', '氏', '，', '池', '之', '石', '埭', '人', '，', '世', '爲', '大', '家', '。', '曾', '祖', '某', '，', '祖', '某', '，', '父', '某', '。', '二', '子', '：', '長', '曰', '溉', '，', '朝', '請', '大', '夫', '、', '直', '秘', '閣', '、', '知', '平', '江', '軍', '府', '事', '。', '次', '曰', '渥', '，', '故', '朝', '請', '郎', '、', '守', '大', '理', '少', '卿', '致', '仕', '。', '女', '五', '人', '，', '承', '議', '郎', '、', '新', '通', '判', '施', '州', '湯', '允', '德', '，', '迪', '功', '郎', '、', '臨', '安', '府', '教', '授', '章', '綱', '，', '進', '士', '李', '昌', '齡', '、', '汪', '淼', '、', '李', '熙', '載', '，', '其', '壻', '也', '。', '孫', '男', '七', '人', '：', '長', '木', '，', '蚤', '卒', '；', '次', '克', '昌', '，', '從', '事', '郎', '、', '充', '四', '川', '都', '大', '茶', '馬', '司', '幹', '辦', '公', '事', '；', '次', '伯', '昌', '，', '迪', '功', '郎', '；', '次', '東', '，', '文', '林', '郎', '、', '江', '州', '彭', '澤', '縣', '主', '簿', '；', '次', '夢', '昌', '，', '次', '汝', '昌', '；', '次', '楠', '，', '迪', '功', '郎', '、', '嚴', '州', '壽', '昌', '縣', '主', '簿', '。', '克', '昌', '暨', '東', '俱', '嘗', '上', '禮', '部', '，', '而', '夢', '昌', '兩', '預', '首', '選', '。', '孫', '女', '二', '人', '：', '長', '適', '承', '事', '郎', '、', '監', '建', '寧', '府', '大', '挺', '場', '葉', '延', '年', '，', '次', '適', '承', '事', '郎', '、', '監', '無', '爲', '軍', '崑', '山', '鎮', '虞', '方', '簡', '。']","['O', 'O', 'O', 'O', 'O', 'O', 'O', 'O', 'O', 'O', 'O', 'O', 'O', 'O', 'O', 'O', 'O', 'O', 'O', 'O', 'O', 'O', 'O', 'O', 'O', 'O', 'O', 'O', 'O', 'O', 'O', 'O', 'B-S', 'O', 'O', 'O', 'O', 'O', 'O', 'O', 'O', 'O', 'O', 'O', 'O', 'O', 'O', 'O', 'O', 'O', 'O', 'O', 'B-S', 'O', 'O', 'O', 'O', 'O', 'O', 'O', 'O', 'O', 'O', 'O', 'O', 'O', 'O', 'O', 'O', 'O', 'O', 'O', 'O', 'O', 'O', 'O', 'O', 'O', 'O', 'O', 'B-DH', 'I-DH', 'I-DH', 'O', 'O', 'O', 'O', 'O', 'O', 'O', 'O', 'O', 'O', 'O', 'O', 'O', 'O', 'O', 'B-DH', 'I-DH', 'I-DH', 'O', 'B-DH', 'I-DH', 'O', 'B-DH', 'B-DH', 'I-DH', 'O', 'O', 'O', 'O', 'O', 'O', 'O', 'O', 'O', 'O', 'O', 'B-SS', 'O', 'O', 'O', 'O', 'O', 'B-SS', 'I-SS', 'O', 'O', 'O', 'O', 'O', 'O', 'O', 'O', 'O', 'O', 'O', 'O', 'O', 'O', 'O', 'O', 'O', 'O', 'O', 'B-SS', 'I-SS', 'O', 'O', 'O', 'O', 'O', 'O', 'B-SS', 'O', 'O', 'O', 'O', 'O', 'O', 'O', 'O', 'O', 'O', 'O', 'O', 'O', 'O', 'B-SS', 'I-SS', 'O', 'O', 'B-SS', 'I-SS', 'O', 'O', 'B-SS', 'O', 'O', 'O', 'O', 'O', 'O', 'O', 'O', 'O', 'O', 'O', 'O', 'O', 'O', 'O', 'O', 'O', 'O', 'O', 'O', 'O', 'O', 'O', 'O', 'O', 'O', 'O', 'O', 'O', 'O', 'O', 'O', 'O', 'O', 'O', 'O', 'O', 'O', 'O', 'O', 'O', 'O', 'O', 'O', 'O', 'O', 'O', 'O', 'O', 'O', 'O', 'O', 'O', 'O', 'O', 'O', 'O', 'O', 'O', 'O', 'O', 'O', 'O', 'O', 'O', 'O', 'O', 'O', 'O', 'O']"
"['宋', '故', '都', '監', '杜', '公', '墓', '碑', '〔', '碑', '文', '〕', '先', '君', '姓', '杜', '，', '諱', '申', '之', '，', '字', '伯', '禄', '，', '世', '居', '嘉', '興', '府', '華', '亭', '之', '章', '廟', '。', '曾', '祖', '顯', '，', '故', '不', '仕', '；', '曾', '祖', '妣', '馬', '氏', '。', '祖', '祥', '，', '故', '迪', '功', '郎', '；', '祖', '妣', '王', '氏', '孺', '人', '。', '父', '國', '珍', '，', '故', '任', '從', '義', '郎', '；', '妣', '沈', '氏', '，', '封', '孺', '人', '。', '娶', '董', '氏', '，', '先', '十', '四', '年', '而', '卒', '；', '再', '娶', '錢', '氏', '，', '吳', '越', '忠', '懿', '王', '五', '世', '孫', '濠', '梁', '郡', '丞', '錢', '菶', '之', '仲', '女', '。', '男', '二', '人', '：', '士', '熊', '，', '士', '龍', '。', '女', '三', '人', '：', '長', '適', '主', '管', '皇', '太', '子', '宫', '生', '料', '庫', '陳', '仲', '炳', '，', '餘', '未', '行', '。']","['O', 'O', 'O', 'O', 'O', 'O', 'O', 'O', 'O', 'O', 'O', 'O', 'O', 'O', 'O', 'O', 'O', 'O', 'O', 'O', 'O', 'O', 'O', 'O', 'O', 'O', 'O', 'O', 'O', 'O', 'O', 'O', 'O', 'O', 'O', 'O', 'O', 'O', 'B-FFF', 'O', 'O', 'O', 'O', 'O', 'O', 'O', 'O', 'B-WFFF', 'I-WFFF', 'O', 'O', 'B-FF', 'O', 'O', 'O', 'O', 'O', 'O', 'O', 'O', 'B-WFF', 'I-WFF', 'O', 'O', 'O', 'O', 'B-F', 'I-F', 'O', 'O', 'O', 'O', 'O', 'O', 'O', 'O', 'B-WF', 'I-WF', 'O', 'O', 'O', 'O', 'O', 'O', 'B-W1', 'I-W1', 'O', 'O', 'O', 'O', 'O', 'O', 'O', 'O', 'O', 'O', 'B-W2', 'I-W2', 'O', 'O', 'O', 'O', 'O', 'O', 'O', 'O', 'O', 'O', 'O', 'O', 'O', 'O', 'O', 'O', 'O', 'O', 'O', 'O', 'O', 'O', 'O', 'B-S', 'I-S', 'O', 'B-S', 'I-S', 'O', 'O', 'O', 'O', 'O', 'O', 'O', 'O', 'O', 'O', 'O', 'O', 'O', 'O', 'O', 'O', 'B-DH', 'I-DH', 'I-DH', 'O', 'O', 'O', 'O', 'O']"
"['公', '諱', '洪', '，', '字', '德', '遠', '。', '大', '王', '父', '子', '誠', '，', '王', '父', '彦', '承', '，', '父', '松', '，', '俱', '有', '潛', '德', '。', '公', '娶', '張', '氏', '。', '子', '四', '人', '：', '龍', '伸', '、', '應', '發', '、', '雷', '焕', '、', '雷', '龍', '；', '女', '一', '人', '，', '適', '傅', '源', '。', '孫', '男', '十', '三', '人', '，', '桂', '子', '、', '天', '定', '其', '長', '，', '餘', '皆', '業', '儒', '。', '女', '五', '人', '，', '皆', '適', '名', '族', '。', '曾', '孫', '男', '十', '一', '人', '，', '女', '十', '二', '人', '。', '嗚', '呼', '，', '德', '軒', '之', '德', '，', '徐', '氏', '之', '興', '，', '皆', '未', '可', '量', '也', '。']","['O', 'O', 'O', 'O', 'O', 'O', 'O', 'O', 'O', 'O', 'O', 'B-FFF', 'I-FFF', 'O', 'O', 'O', 'B-FF', 'I-FF', 'O', 'O', 'B-F', 'O', 'O', 'O', 'O', 'O', 'O', 'O', 'O', 'B-W1', 'I-W1', 'O', 'O', 'O', 'O', 'O', 'B-S', 'I-S', 'O', 'B-S', 'I-S', 'O', 'B-S', 'I-S', 'O', 'B-S', 'I-S', 'O', 'O', 'O', 'O', 'O', 'O', 'B-DH', 'I-DH', 'O', 'O', 'O', 'O', 'O', 'O', 'O', 'B-SS', 'I-SS', 'O', 'B-SS', 'I-SS', 'O', 'O', 'O', 'O', 'O', 'O', 'O', 'O', 'O', 'O', 'O', 'O', 'O', 'O', 'O', 'O', 'O', 'O', 'O', 'O', 'O', 'O', 'O', 'O', 'O', 'O', 'O', 'O', 'O', 'O', 'O', 'O', 'O', 'O', 'O', 'O', 'O', 'O', 'O', 'O', 'O', 'O', 'O', 'O', 'O', 'O', 'O', 'O']"
"['公', '顔', '氏', '，', '諱', '頤', '仲', '，', '字', '景', '正', '，', '漳', '州', '龍', '溪', '人', '。', '曾', '祖', '實', '，', '贈', '正', '議', '大', '夫', '；', '妣', '陳', '淑', '人', '。', '祖', '師', '魯', '，', '寶', '文', '閣', '學', '士', '、', '通', '議', '大', '夫', '，', '贈', '光', '禄', '大', '夫', '，', '謚', '定', '肅', '；', '妣', '永', '嘉', '郡', '薛', '夫', '人', '。', '父', '徹', '，', '奉', '議', '郎', '、', '知', '永', '福', '縣', '，', '贈', '少', '傅', '；', '妣', '魏', '國', '鄭', '夫', '人', '。', '淑', '人', '趙', '氏', '，', '先', '十', '九', '年', '卒', '。', '男', '一', '人', '，', '興', '祖', '，', '承', '事', '郎', '、', '主', '管', '西', '外', '睦', '宗', '院', '。', '孫', '一', '人', '，', '一', '龍', '，', '承', '務', '郎', '。']","['O', 'O', 'O', 'O', 'O', 'O', 'O', 'O', 'O', 'O', 'O', 'O', 'O', 'O', 'O', 'O', 'O', 'O', 'O', 'O', 'B-FFF', 'O', 'O', 'O', 'O', 'O', 'O', 'O', 'O', 'B-WFFF', 'I-WFFF', 'I-WFFF', 'O', 'O', 'O', 'B-FF', 'O', 'O', 'O', 'O', 'O', 'O', 'O', 'O', 'O', 'O', 'O', 'O', 'O', 'O', 'O', 'O', 'O', 'O', 'O', 'O', 'O', 'O', 'O', 'O', 'O', 'O', 'B-WFF', 'I-WFF', 'I-WFF', 'O', 'O', 'B-F', 'O', 'O', 'O', 'O', 'O', 'O', 'O', 'O', 'O', 'O', 'O', 'O', 'O', 'O', 'O', 'O', 'O', 'B-WF', 'I-WF', 'I-WF', 'O', 'O', 'O', 'B-W1', 'I-W1', 'O', 'O', 'O', 'O', 'O', 'O', 'O', 'O', 'O', 'O', 'O', 'B-S', 'I-S', 'O', 'O', 'O', 'O', 'O', 'O', 'O', 'O', 'O', 'O', 'O', 'O', 'O', 'O', 'O', 'O', 'O', 'B-SS', 'I-SS', 'O', 'O', 'O', 'O', 'O']"
"['公', '諱', '潭', '，', '字', '孟', '澤', '，', '洛', '陽', '人', '也', '。', '當', '先', '天', '之', '內', '禪', '也', '，', '我', '七', '代', '祖', '黃', '門', '侍', '郎', '、', '平', '陽', '公', '曾', '，', '實', '演', '丕', '命', '。', '及', '至', '德', '之', '中', '興', '也', '，', '我', '六', '代', '祖', '黃', '門', '侍', '郎', '、', '晉', '國', '公', '至', '，', '實', '贊', '大', '猷', '。', '曠', '古', '已', '還', '，', '一', '家', '而', '已', '。', '五', '代', '祖', '孫', '，', '衡', '州', '刺', '史', '；', '高', '祖', '穜', '，', '司', '門', '員', '外', '郎', '；', '曾', '祖', '昶', '，', '太', '子', '司', '議', '郎', '；', '祖', '琛', '，', '河', '南', '密', '令', '：', '皆', '有', '韜', '世', '之', '量', '，', '濟', '衆', '之', '仁', '。', '大', '位', '不', '躋', '，', '餘', '慶', '斯', '洽', '。', '考', '翊', '，', '以', '經', '術', '擢', '太', '常', '第', '，', '以', '才', '用', '爲', '諸', '侯', '卿', '。', '捍', '寇', '輸', '粟', '，', '有', '勞', '王', '室', '，', '于', '是', '佩', '金', '紫', '，', '升', '朝', '廷', '。', '以', '其', '年', '月', '日', '葬', '于', '某', '所', '，', '與', '夫', '人', '楊', '氏', '合', '祔', '焉', '，', '禮', '也', '。', '長', '子', '朝', '散', '大', '夫', '、', '行', '大', '理', '司', '直', '彬', '，', '次', '子', '泰', '州', '司', '倉', '參', '軍', '穆', '，', '少', '子', '修', '等', '，', '咸', '負', '當', '世', '之', '才', '，', '皆', '爲', '保', '家', '之', '主', '，', '種', '德', '垂', '範', '，', '未', '易', '可', '量', '。', '長', '女', '用', '文', '，', '適', '水', '部', '員', '外', '郎', '楊', '元', '鼎', '，', '不', '幸', '早', '世', '。', '次', '曰', '用', '柔', '，', '適', '膳', '部', '員', '外', '郎', '、', '知', '制', '誥', '張', '緯', '。', '次', '曰', '用', '光', '，', '適', '進', '士', '姜', '某', '。', '少', '曰', '季', '芳', '，', '尚', '幼', '。']","['O', 'O', 'O', 'O', 'O', 'O', 'O', 'O', 'O', 'O', 'O', 'O', 'O', 'O', 'O', 'O', 'O', 'O', 'O', 'O', 'O', 'O', 'O', 'O', 'O', 'O', 'O', 'O', 'O', 'O', 'O', 'O', 'O', 'B-G-n', 'O', 'O', 'O', 'O', 'O', 'O', 'O', 'O', 'O', 'O', 'O', 'O', 'O', 'O', 'O', 'O', 'O', 'O', 'O', 'O', 'O', 'O', 'O', 'O', 'O', 'O', 'B-G-n', 'O', 'O', 'O', 'O', 'O', 'O', 'O', 'O', 'O', 'O', 'O', 'O', 'O', 'O', 'O', 'O', 'O', 'O', 'O', 'B-G-n', 'O', 'O', 'O', 'O', 'O', 'O', 'O', 'O', 'B-G-n', 'O', 'O', 'O', 'O', 'O', 'O', 'O', 'O', 'O', 'B-FFF', 'O', 'O', 'O', 'O', 'O', 'O', 'O', 'O', 'B-FF', 'O', 'O', 'O', 'O', 'O', 'O', 'O', 'O', 'O', 'O', 'O', 'O', 'O', 'O', 'O', 'O', 'O', 'O', 'O', 'O', 'O', 'O', 'O', 'O', 'O', 'O', 'O', 'O', 'O', 'B-F', 'O', 'O', 'O', 'O', 'O', 'O', 'O', 'O', 'O', 'O', 'O', 'O', 'O', 'O', 'O', 'O', 'O', 'O', 'O', 'O', 'O', 'O', 'O', 'O', 'O', 'O', 'O', 'O', 'O', 'O', 'O', 'O', 'O', 'O', 'O', 'O', 'O', 'O', 'O', 'O', 'O', 'O', 'O', 'O', 'O', 'O', 'O', 'O', 'O', 'O', 'B-W1', 'I-W1', 'O', 'O', 'O', 'O', 'O', 'O', 'O', 'O', 'O', 'O', 'O', 'O', 'O', 'O', 'O', 'O', 'O', 'O', 'O', 'B-S', 'O', 'O', 'O', 'O', 'O', 'O', 'O', 'O', 'O', 'B-S', 'O', 'O', 'O', 'B-S', 'O', 'O', 'O', 'O', 'O', 'O', 'O', 'O', 'O', 'O', 'O', 'O', 'O', 'O', 'O', 'O', 'O', 'O', 'O', 'O', 'O', 'O', 'O', 'O', 'O', 'O', 'O', 'O', 'B-D', 'I-D', 'O', 'O', 'O', 'O', 'O', 'O', 'O', 'B-DH', 'I-DH', 'I-DH', 'O', 'O', 'O', 'O', 'O', 'O', 'O', 'O', 'B-D', 'I-D', 'O', 'O', 'O', 'O', 'O', 'O', 'O', 'O', 'O', 'O', 'O', 'B-DH', 'I-DH', 'O', 'O', 'O', 'B-D', 'I-D', 'O', 'O', 'O', 'O', 'B-DH', 'I-DH', 'O', 'O', 'O', 'B-D', 'I-D', 'O', 'O', 'O', 'O']"
"['君', '諱', '宣', '輔', '，', '字', '仲', '申', '。', '其', '先', '天', '水', '人', '也', '，', '累', '世', '從', '宦', '，', '不', '常', '厥', '居', '。', '曾', '祖', '全', '真', '，', '工', '部', '員', '外', '郎', '、', '滕', '州', '刺', '史', '。', '祖', '倚', '，', '太', '子', '校', '書', '。', '考', '臺', '，', '歙', '州', '海', '寧', '令', '。', '夫', '人', '查', '氏', '，', '吉', '王', '府', '長', '史', '昌', '之', '女', '、', '工', '部', '尚', '書', '文', '徽', '之', '妹', '。', '婉', '嬺', '之', '德', '，', '閨', '房', '之', '秀', '，', '內', '助', '著', '美', '，', '士', '林', '所', '推', '。', '子', '七', '人', '：', '長', '曰', '鈞', '，', '袁', '州', '新', '喻', '尉', '；', '次', '曰', '錯', '，', '樞', '密', '院', '承', '旨', '；', '次', '曰', '鍾', '，', '舉', '進', '士', '；', '次', '曰', '銓', '，', '前', '國', '子', '監', '三', '《', '禮', '》', '；', '次', '曰', '[', 'C', 'F', 'o', 'n', 't', ']', 'N', 'F', 'C', 'E', '5', '[', '/', 'C', 'F', 'o', 'n', 't', ']', '、', '鉞', '、', '鐭', '，', '皆', '國', '子', '監', '生', '。', '女', '一', '人', '，', '適', '秘', '書', '省', '正', '字', '周', '希', '定', '。']","['O', 'O', 'O', 'O', 'O', 'O', 'O', 'O', 'O', 'O', 'O', 'O', 'O', 'O', 'O', 'O', 'O', 'O', 'O', 'O', 'O', 'O', 'O', 'O', 'O', 'O', 'O', 'O', 'B-FFF', 'I-FFF', 'O', 'O', 'O', 'O', 'O', 'O', 'O', 'O', 'O', 'O', 'O', 'O', 'O', 'B-FF', 'O', 'O', 'O', 'O', 'O', 'O', 'O', 'B-F', 'O', 'O', 'O', 'O', 'O', 'O', 'O', 'O', 'O', 'B-W1', 'I-W1', 'O', 'O', 'O', 'O', 'O', 'O', 'O', 'O', 'O', 'O', 'O', 'O', 'O', 'O', 'B-WB', 'I-WB', 'O', 'O', 'O', 'O', 'O', 'O', 'O', 'O', 'O', 'O', 'O', 'O', 'O', 'O', 'O', 'O', 'O', 'O', 'O', 'O', 'O', 'O', 'O', 'O', 'O', 'O', 'O', 'O', 'O', 'B-S', 'O', 'O', 'O', 'O', 'O', 'O', 'O', 'O', 'O', 'B-S', 'O', 'O', 'O', 'O', 'O', 'O', 'O', 'O', 'O', 'B-S', 'O', 'O', 'O', 'O', 'O', 'O', 'O', 'B-S', 'O', 'O', 'O', 'O', 'O', 'O', 'O', 'O', 'O', 'O', 'O', 'O', 'O', 'O', 'O', 'O', 'O', 'O', 'O', 'O', 'O', 'O', 'O', 'O', 'O', 'O', 'O', 'O', 'O', 'O', 'O', 'O', 'O', 'B-S', 'O', 'B-S', 'O', 'O', 'O', 'O', 'O', 'O', 'O', 'O', 'O', 'O', 'O', 'O', 'O', 'O', 'O', 'O', 'O', 'B-DH', 'I-DH', 'I-DH', 'O']"
